CREATE DATABASE  IF NOT EXISTS `assignment_system` /*!40100 DEFAULT CHARACTER SET utf8mb4 COLLATE utf8mb4_0900_ai_ci */ /*!80016 DEFAULT ENCRYPTION='N' */;
USE `assignment_system`;
-- MySQL dump 10.13  Distrib 8.0.43, for Win64 (x86_64)
--
-- Host: localhost    Database: assignment_system
-- ------------------------------------------------------
-- Server version	8.0.43

/*!40101 SET @OLD_CHARACTER_SET_CLIENT=@@CHARACTER_SET_CLIENT */;
/*!40101 SET @OLD_CHARACTER_SET_RESULTS=@@CHARACTER_SET_RESULTS */;
/*!40101 SET @OLD_COLLATION_CONNECTION=@@COLLATION_CONNECTION */;
/*!50503 SET NAMES utf8 */;
/*!40103 SET @OLD_TIME_ZONE=@@TIME_ZONE */;
/*!40103 SET TIME_ZONE='+00:00' */;
/*!40014 SET @OLD_UNIQUE_CHECKS=@@UNIQUE_CHECKS, UNIQUE_CHECKS=0 */;
/*!40014 SET @OLD_FOREIGN_KEY_CHECKS=@@FOREIGN_KEY_CHECKS, FOREIGN_KEY_CHECKS=0 */;
/*!40101 SET @OLD_SQL_MODE=@@SQL_MODE, SQL_MODE='NO_AUTO_VALUE_ON_ZERO' */;
/*!40111 SET @OLD_SQL_NOTES=@@SQL_NOTES, SQL_NOTES=0 */;

--
-- Table structure for table `assignments`
--

DROP TABLE IF EXISTS `assignments`;
/*!40101 SET @saved_cs_client     = @@character_set_client */;
/*!50503 SET character_set_client = utf8mb4 */;
CREATE TABLE `assignments` (
  `assignment_id` int NOT NULL,
  `course_id` int DEFAULT NULL,
  `title` varchar(255) DEFAULT NULL,
  `due_date` date DEFAULT NULL,
  PRIMARY KEY (`assignment_id`),
  KEY `course_id` (`course_id`),
  CONSTRAINT `assignments_ibfk_1` FOREIGN KEY (`course_id`) REFERENCES `courses` (`course_id`)
) ENGINE=InnoDB DEFAULT CHARSET=utf8mb4 COLLATE=utf8mb4_0900_ai_ci;
/*!40101 SET character_set_client = @saved_cs_client */;

--
-- Dumping data for table `assignments`
--

LOCK TABLES `assignments` WRITE;
/*!40000 ALTER TABLE `assignments` DISABLE KEYS */;
INSERT INTO `assignments` VALUES (1,13,'Assignment1','2025-07-29'),(2,5,'Assignment2','2025-07-18'),(3,3,'Assignment3','2025-08-02'),(4,7,'Assignment4','2025-07-26'),(5,4,'Assignment5','2025-07-22'),(6,3,'Assignment6','2025-08-04'),(7,14,'Assignment7','2025-07-27'),(8,4,'Assignment8','2025-07-30'),(9,3,'Assignment9','2025-08-01'),(10,14,'Assignment10','2025-07-28'),(11,14,'Assignment11','2025-08-02'),(12,6,'Assignment12','2025-07-29'),(13,3,'Assignment13','2025-07-31'),(14,5,'Assignment14','2025-07-26'),(15,13,'Assignment15','2025-07-21'),(16,14,'Assignment16','2025-07-28'),(17,4,'Assignment17','2025-08-02'),(18,15,'Assignment18','2025-07-24'),(19,5,'Assignment19','2025-07-30'),(20,2,'Assignment20','2025-07-26'),(21,6,'Assignment21','2025-07-16'),(22,11,'Assignment22','2025-07-31'),(23,14,'Assignment23','2025-07-21'),(24,15,'Assignment24','2025-07-21'),(25,9,'Assignment25','2025-07-23'),(26,12,'Assignment26','2025-08-07'),(27,14,'Assignment27','2025-07-18'),(28,15,'Assignment28','2025-07-26'),(29,7,'Assignment29','2025-07-21'),(30,1,'Assignment30','2025-07-26');
/*!40000 ALTER TABLE `assignments` ENABLE KEYS */;
UNLOCK TABLES;

--
-- Table structure for table `combined_data`
--

DROP TABLE IF EXISTS `combined_data`;
/*!40101 SET @saved_cs_client     = @@character_set_client */;
/*!50503 SET character_set_client = utf8mb4 */;
CREATE TABLE `combined_data` (
  `submission_id` int NOT NULL,
  `user_id` int NOT NULL,
  `assignment_id` int NOT NULL,
  `submission_date` datetime DEFAULT NULL,
  `receipt_date` datetime DEFAULT NULL,
  `grade` int DEFAULT NULL,
  `name` varchar(100) DEFAULT NULL,
  `email` varchar(100) DEFAULT NULL,
  `role` varchar(50) DEFAULT NULL,
  `course_id` int DEFAULT NULL,
  `title` varchar(255) DEFAULT NULL,
  `due_date_x` datetime DEFAULT NULL,
  `hand_in_date` datetime DEFAULT NULL,
  `due_date_y` datetime DEFAULT NULL,
  `reminder_date` datetime DEFAULT NULL,
  `feedback_date` datetime DEFAULT NULL,
  `marks_submission_date` datetime DEFAULT NULL,
  `marks_approval_date` datetime DEFAULT NULL,
  `course_name` varchar(255) DEFAULT NULL,
  `professor_id` int DEFAULT NULL,
  `start_date` datetime DEFAULT NULL,
  `user_id_professor` int DEFAULT NULL,
  `name_professor` varchar(100) DEFAULT NULL,
  `email_professor` varchar(100) DEFAULT NULL,
  `role_professor` varchar(50) DEFAULT NULL,
  `enrollment_id` int DEFAULT NULL,
  `student_id` int DEFAULT NULL,
  PRIMARY KEY (`submission_id`)
) ENGINE=InnoDB DEFAULT CHARSET=utf8mb4 COLLATE=utf8mb4_0900_ai_ci;
/*!40101 SET character_set_client = @saved_cs_client */;

--
-- Dumping data for table `combined_data`
--

LOCK TABLES `combined_data` WRITE;
/*!40000 ALTER TABLE `combined_data` DISABLE KEYS */;
INSERT INTO `combined_data` VALUES (1,27,1,'2025-07-21 00:00:00','2025-07-21 00:00:00',57,'Jessica Coleman','dwilson@example.com','student',14,'Assignment1','2025-07-26 00:00:00','2025-05-05 00:00:00','2025-07-26 00:00:00','2025-07-23 00:00:00','2025-08-07 00:00:00','2025-08-14 00:00:00','2025-08-18 00:00:00','Intro to Philosophy',122,'2025-05-09 00:00:00',122,'Jesus Salinas','brandonkim@example.net','professor',71,27),(2,62,1,'2025-07-20 00:00:00','2025-07-21 00:00:00',58,'Sonya Mcgee','edwardwalter@example.org','student',14,'Assignment1','2025-07-26 00:00:00','2025-05-05 00:00:00','2025-07-26 00:00:00','2025-07-23 00:00:00','2025-08-07 00:00:00','2025-08-14 00:00:00','2025-08-18 00:00:00','Intro to Philosophy',122,'2025-05-09 00:00:00',122,'Jesus Salinas','brandonkim@example.net','professor',107,62),(3,25,1,'2025-07-29 00:00:00','2025-07-29 00:00:00',83,'Dustin Lopez','michaelbradshaw@example.org','student',14,'Assignment1','2025-07-26 00:00:00','2025-05-05 00:00:00','2025-07-26 00:00:00','2025-07-23 00:00:00','2025-08-07 00:00:00','2025-08-14 00:00:00','2025-08-18 00:00:00','Intro to Philosophy',122,'2025-05-09 00:00:00',122,'Jesus Salinas','brandonkim@example.net','professor',134,25),(4,110,1,'2025-07-25 00:00:00','2025-07-26 00:00:00',53,'Justin Gomez','masonrobert@example.org','student',14,'Assignment1','2025-07-26 00:00:00','2025-05-05 00:00:00','2025-07-26 00:00:00','2025-07-23 00:00:00','2025-08-07 00:00:00','2025-08-14 00:00:00','2025-08-18 00:00:00','Intro to Philosophy',122,'2025-05-09 00:00:00',122,'Jesus Salinas','brandonkim@example.net','professor',122,110),(5,54,1,'2025-07-23 00:00:00','2025-07-24 00:00:00',54,'Sarah Carpenter','stacywilliams@example.com','student',14,'Assignment1','2025-07-26 00:00:00','2025-05-05 00:00:00','2025-07-26 00:00:00','2025-07-23 00:00:00','2025-08-07 00:00:00','2025-08-14 00:00:00','2025-08-18 00:00:00','Intro to Philosophy',122,'2025-05-09 00:00:00',122,'Jesus Salinas','brandonkim@example.net','professor',1,54),(6,115,1,'2025-07-21 00:00:00','2025-07-21 00:00:00',60,'Heather Dunn','johnsonalison@example.net','student',14,'Assignment1','2025-07-26 00:00:00','2025-05-05 00:00:00','2025-07-26 00:00:00','2025-07-23 00:00:00','2025-08-07 00:00:00','2025-08-14 00:00:00','2025-08-18 00:00:00','Intro to Philosophy',122,'2025-05-09 00:00:00',122,'Jesus Salinas','brandonkim@example.net','professor',103,115),(7,28,1,'2025-07-22 00:00:00','2025-07-23 00:00:00',54,'Gabriel Brandt','kellycarolyn@example.net','student',14,'Assignment1','2025-07-26 00:00:00','2025-05-05 00:00:00','2025-07-26 00:00:00','2025-07-23 00:00:00','2025-08-07 00:00:00','2025-08-14 00:00:00','2025-08-18 00:00:00','Intro to Philosophy',122,'2025-05-09 00:00:00',122,'Jesus Salinas','brandonkim@example.net','professor',13,28),(8,92,1,'2025-08-01 00:00:00','2025-08-01 00:00:00',0,'Jake Fisher','kbarker@example.org','student',14,'Assignment1','2025-07-26 00:00:00','2025-05-05 00:00:00','2025-07-26 00:00:00','2025-07-23 00:00:00','2025-08-07 00:00:00','2025-08-14 00:00:00','2025-08-18 00:00:00','Intro to Philosophy',122,'2025-05-09 00:00:00',122,'Jesus Salinas','brandonkim@example.net','professor',55,92),(9,12,1,'2025-07-24 00:00:00','2025-07-25 00:00:00',58,'Kimberly Freeman','avilajoshua@example.net','student',14,'Assignment1','2025-07-26 00:00:00','2025-05-05 00:00:00','2025-07-26 00:00:00','2025-07-23 00:00:00','2025-08-07 00:00:00','2025-08-14 00:00:00','2025-08-18 00:00:00','Intro to Philosophy',122,'2025-05-09 00:00:00',122,'Jesus Salinas','brandonkim@example.net','professor',46,12),(10,20,1,'2025-08-01 00:00:00','2025-08-02 00:00:00',0,'Melanie Romero','cherylgordon@example.net','student',14,'Assignment1','2025-07-26 00:00:00','2025-05-05 00:00:00','2025-07-26 00:00:00','2025-07-23 00:00:00','2025-08-07 00:00:00','2025-08-14 00:00:00','2025-08-18 00:00:00','Intro to Philosophy',122,'2025-05-09 00:00:00',122,'Jesus Salinas','brandonkim@example.net','professor',171,20),(11,50,1,'2025-07-22 00:00:00','2025-07-23 00:00:00',89,'Gary Bruce','rebecca69@example.com','student',14,'Assignment1','2025-07-26 00:00:00','2025-05-05 00:00:00','2025-07-26 00:00:00','2025-07-23 00:00:00','2025-08-07 00:00:00','2025-08-14 00:00:00','2025-08-18 00:00:00','Intro to Philosophy',122,'2025-05-09 00:00:00',122,'Jesus Salinas','brandonkim@example.net','professor',175,50),(12,47,2,'2025-08-02 00:00:00','2025-08-02 00:00:00',77,'Kenneth Garcia','alex80@example.org','student',2,'Assignment2','2025-08-02 00:00:00','2025-05-06 00:00:00','2025-08-02 00:00:00','2025-07-30 00:00:00','2025-08-14 00:00:00','2025-08-18 00:00:00','2025-08-21 00:00:00','Intro to Math',132,'2025-05-05 00:00:00',132,'Kyle Francis','mgreer@example.net','professor',6,47),(13,98,2,'2025-07-30 00:00:00','2025-07-30 00:00:00',71,'Joshua Nguyen','lopezdawn@example.org','student',2,'Assignment2','2025-08-02 00:00:00','2025-05-06 00:00:00','2025-08-02 00:00:00','2025-07-30 00:00:00','2025-08-14 00:00:00','2025-08-18 00:00:00','2025-08-21 00:00:00','Intro to Math',132,'2025-05-05 00:00:00',132,'Kyle Francis','mgreer@example.net','professor',16,98),(14,40,2,'2025-08-05 00:00:00','2025-08-06 00:00:00',51,'Paula Mcclain','erin00@example.com','student',2,'Assignment2','2025-08-02 00:00:00','2025-05-06 00:00:00','2025-08-02 00:00:00','2025-07-30 00:00:00','2025-08-14 00:00:00','2025-08-18 00:00:00','2025-08-21 00:00:00','Intro to Math',132,'2025-05-05 00:00:00',132,'Kyle Francis','mgreer@example.net','professor',217,40),(15,1,2,'2025-08-01 00:00:00','2025-08-02 00:00:00',56,'Hannah Robles','carterzoe@example.com','student',2,'Assignment2','2025-08-02 00:00:00','2025-05-06 00:00:00','2025-08-02 00:00:00','2025-07-30 00:00:00','2025-08-14 00:00:00','2025-08-18 00:00:00','2025-08-21 00:00:00','Intro to Math',132,'2025-05-05 00:00:00',132,'Kyle Francis','mgreer@example.net','professor',113,1),(16,6,2,'2025-08-05 00:00:00','2025-08-06 00:00:00',61,'Linda Morris','ythompson@example.org','student',2,'Assignment2','2025-08-02 00:00:00','2025-05-06 00:00:00','2025-08-02 00:00:00','2025-07-30 00:00:00','2025-08-14 00:00:00','2025-08-18 00:00:00','2025-08-21 00:00:00','Intro to Math',132,'2025-05-05 00:00:00',132,'Kyle Francis','mgreer@example.net','professor',185,6),(17,111,2,'2025-08-01 00:00:00','2025-08-01 00:00:00',69,'Amber Williams','brendan56@example.com','student',2,'Assignment2','2025-08-02 00:00:00','2025-05-06 00:00:00','2025-08-02 00:00:00','2025-07-30 00:00:00','2025-08-14 00:00:00','2025-08-18 00:00:00','2025-08-21 00:00:00','Intro to Math',132,'2025-05-05 00:00:00',132,'Kyle Francis','mgreer@example.net','professor',207,111),(18,49,2,'2025-08-02 00:00:00','2025-08-02 00:00:00',57,'Jeffrey Figueroa','itodd@example.org','student',2,'Assignment2','2025-08-02 00:00:00','2025-05-06 00:00:00','2025-08-02 00:00:00','2025-07-30 00:00:00','2025-08-14 00:00:00','2025-08-18 00:00:00','2025-08-21 00:00:00','Intro to Math',132,'2025-05-05 00:00:00',132,'Kyle Francis','mgreer@example.net','professor',141,49),(19,75,2,'2025-08-06 00:00:00','2025-08-07 00:00:00',51,'Deborah Vasquez','gina31@example.com','student',2,'Assignment2','2025-08-02 00:00:00','2025-05-06 00:00:00','2025-08-02 00:00:00','2025-07-30 00:00:00','2025-08-14 00:00:00','2025-08-18 00:00:00','2025-08-21 00:00:00','Intro to Math',132,'2025-05-05 00:00:00',132,'Kyle Francis','mgreer@example.net','professor',70,75),(20,82,2,'2025-08-06 00:00:00','2025-08-06 00:00:00',77,'Natalie Henderson','fharris@example.net','student',2,'Assignment2','2025-08-02 00:00:00','2025-05-06 00:00:00','2025-08-02 00:00:00','2025-07-30 00:00:00','2025-08-14 00:00:00','2025-08-18 00:00:00','2025-08-21 00:00:00','Intro to Math',132,'2025-05-05 00:00:00',132,'Kyle Francis','mgreer@example.net','professor',188,82),(21,93,2,'2025-08-04 00:00:00','2025-08-04 00:00:00',53,'John Suarez','jeremy88@example.net','student',2,'Assignment2','2025-08-02 00:00:00','2025-05-06 00:00:00','2025-08-02 00:00:00','2025-07-30 00:00:00','2025-08-14 00:00:00','2025-08-18 00:00:00','2025-08-21 00:00:00','Intro to Math',132,'2025-05-05 00:00:00',132,'Kyle Francis','mgreer@example.net','professor',120,93),(22,42,2,'2025-07-29 00:00:00','2025-07-30 00:00:00',47,'Jessica Jennings','jenkinssandra@example.com','student',2,'Assignment2','2025-08-02 00:00:00','2025-05-06 00:00:00','2025-08-02 00:00:00','2025-07-30 00:00:00','2025-08-14 00:00:00','2025-08-18 00:00:00','2025-08-21 00:00:00','Intro to Math',132,'2025-05-05 00:00:00',132,'Kyle Francis','mgreer@example.net','professor',10,42),(23,103,2,'2025-08-04 00:00:00','2025-08-05 00:00:00',30,'Maria Mejia','mpennington@example.net','student',2,'Assignment2','2025-08-02 00:00:00','2025-05-06 00:00:00','2025-08-02 00:00:00','2025-07-30 00:00:00','2025-08-14 00:00:00','2025-08-18 00:00:00','2025-08-21 00:00:00','Intro to Math',132,'2025-05-05 00:00:00',132,'Kyle Francis','mgreer@example.net','professor',17,103),(24,119,2,'2025-07-27 00:00:00','2025-07-28 00:00:00',96,'Julie Jackson','aimee92@example.net','student',2,'Assignment2','2025-08-02 00:00:00','2025-05-06 00:00:00','2025-08-02 00:00:00','2025-07-30 00:00:00','2025-08-14 00:00:00','2025-08-18 00:00:00','2025-08-21 00:00:00','Intro to Math',132,'2025-05-05 00:00:00',132,'Kyle Francis','mgreer@example.net','professor',7,119),(25,99,2,'2025-08-03 00:00:00','2025-08-03 00:00:00',93,'Tracy Kramer','ddavis@example.com','student',2,'Assignment2','2025-08-02 00:00:00','2025-05-06 00:00:00','2025-08-02 00:00:00','2025-07-30 00:00:00','2025-08-14 00:00:00','2025-08-18 00:00:00','2025-08-21 00:00:00','Intro to Math',132,'2025-05-05 00:00:00',132,'Kyle Francis','mgreer@example.net','professor',143,99),(26,7,3,'2025-08-08 00:00:00','2025-08-09 00:00:00',37,'Scott Warren','jenniferdunn@example.org','student',12,'Assignment3','2025-08-03 00:00:00','2025-05-10 00:00:00','2025-08-03 00:00:00','2025-07-31 00:00:00','2025-08-15 00:00:00','2025-08-18 00:00:00','2025-08-21 00:00:00','Chemistry 101',131,'2025-05-09 00:00:00',131,'Rebecca Stokes','david35@example.com','professor',25,7),(27,45,3,'2025-07-27 00:00:00','2025-07-28 00:00:00',54,'Matthew Harris','samantha44@example.com','student',12,'Assignment3','2025-08-03 00:00:00','2025-05-10 00:00:00','2025-08-03 00:00:00','2025-07-31 00:00:00','2025-08-15 00:00:00','2025-08-18 00:00:00','2025-08-21 00:00:00','Chemistry 101',131,'2025-05-09 00:00:00',131,'Rebecca Stokes','david35@example.com','professor',76,45),(28,50,3,'2025-08-06 00:00:00','2025-08-06 00:00:00',68,'Gary Bruce','rebecca69@example.com','student',12,'Assignment3','2025-08-03 00:00:00','2025-05-10 00:00:00','2025-08-03 00:00:00','2025-07-31 00:00:00','2025-08-15 00:00:00','2025-08-18 00:00:00','2025-08-21 00:00:00','Chemistry 101',131,'2025-05-09 00:00:00',131,'Rebecca Stokes','david35@example.com','professor',174,50),(29,44,3,'2025-08-03 00:00:00','2025-08-03 00:00:00',73,'Brian Andrews','alexandervalentine@example.com','student',12,'Assignment3','2025-08-03 00:00:00','2025-05-10 00:00:00','2025-08-03 00:00:00','2025-07-31 00:00:00','2025-08-15 00:00:00','2025-08-18 00:00:00','2025-08-21 00:00:00','Chemistry 101',131,'2025-05-09 00:00:00',131,'Rebecca Stokes','david35@example.com','professor',132,44),(30,56,3,'2025-08-06 00:00:00','2025-08-06 00:00:00',59,'Karen Daniels','gabrieljohnson@example.net','student',12,'Assignment3','2025-08-03 00:00:00','2025-05-10 00:00:00','2025-08-03 00:00:00','2025-07-31 00:00:00','2025-08-15 00:00:00','2025-08-18 00:00:00','2025-08-21 00:00:00','Chemistry 101',131,'2025-05-09 00:00:00',131,'Rebecca Stokes','david35@example.com','professor',98,56),(31,38,3,'2025-07-29 00:00:00','2025-07-29 00:00:00',50,'Jennifer Powell','valerie31@example.org','student',12,'Assignment3','2025-08-03 00:00:00','2025-05-10 00:00:00','2025-08-03 00:00:00','2025-07-31 00:00:00','2025-08-15 00:00:00','2025-08-18 00:00:00','2025-08-21 00:00:00','Chemistry 101',131,'2025-05-09 00:00:00',131,'Rebecca Stokes','david35@example.com','professor',60,38),(32,24,3,'2025-07-31 00:00:00','2025-08-01 00:00:00',49,'Gloria Ryan','whendrix@example.com','student',12,'Assignment3','2025-08-03 00:00:00','2025-05-10 00:00:00','2025-08-03 00:00:00','2025-07-31 00:00:00','2025-08-15 00:00:00','2025-08-18 00:00:00','2025-08-21 00:00:00','Chemistry 101',131,'2025-05-09 00:00:00',131,'Rebecca Stokes','david35@example.com','professor',23,24),(33,55,3,'2025-08-06 00:00:00','2025-08-07 00:00:00',83,'Geoffrey Rogers','victoriamcdaniel@example.net','student',12,'Assignment3','2025-08-03 00:00:00','2025-05-10 00:00:00','2025-08-03 00:00:00','2025-07-31 00:00:00','2025-08-15 00:00:00','2025-08-18 00:00:00','2025-08-21 00:00:00','Chemistry 101',131,'2025-05-09 00:00:00',131,'Rebecca Stokes','david35@example.com','professor',182,55),(34,105,3,'2025-08-05 00:00:00','2025-08-06 00:00:00',56,'Amanda Castillo','carrilloamanda@example.org','student',12,'Assignment3','2025-08-03 00:00:00','2025-05-10 00:00:00','2025-08-03 00:00:00','2025-07-31 00:00:00','2025-08-15 00:00:00','2025-08-18 00:00:00','2025-08-21 00:00:00','Chemistry 101',131,'2025-05-09 00:00:00',131,'Rebecca Stokes','david35@example.com','professor',125,105),(35,36,3,'2025-08-07 00:00:00','2025-08-07 00:00:00',33,'Brett Nixon','alexandra68@example.com','student',12,'Assignment3','2025-08-03 00:00:00','2025-05-10 00:00:00','2025-08-03 00:00:00','2025-07-31 00:00:00','2025-08-15 00:00:00','2025-08-18 00:00:00','2025-08-21 00:00:00','Chemistry 101',131,'2025-05-09 00:00:00',131,'Rebecca Stokes','david35@example.com','professor',38,36),(36,66,3,'2025-08-08 00:00:00','2025-08-08 00:00:00',20,'Jennifer Valdez','hserrano@example.com','student',12,'Assignment3','2025-08-03 00:00:00','2025-05-10 00:00:00','2025-08-03 00:00:00','2025-07-31 00:00:00','2025-08-15 00:00:00','2025-08-18 00:00:00','2025-08-21 00:00:00','Chemistry 101',131,'2025-05-09 00:00:00',131,'Rebecca Stokes','david35@example.com','professor',73,66),(37,9,4,'2025-07-30 00:00:00','2025-07-31 00:00:00',47,'Laura Whitehead','pamelaaguirre@example.org','student',10,'Assignment4','2025-07-30 00:00:00','2025-05-06 00:00:00','2025-07-30 00:00:00','2025-07-27 00:00:00','2025-08-11 00:00:00','2025-08-17 00:00:00','2025-08-21 00:00:00','Advanced Philosophy',128,'2025-05-08 00:00:00',128,'Stacey Gill','nwarner@example.org','professor',51,9),(38,118,4,'2025-07-26 00:00:00','2025-07-27 00:00:00',60,'Matthew Smith','lisa05@example.com','student',10,'Assignment4','2025-07-30 00:00:00','2025-05-06 00:00:00','2025-07-30 00:00:00','2025-07-27 00:00:00','2025-08-11 00:00:00','2025-08-17 00:00:00','2025-08-21 00:00:00','Advanced Philosophy',128,'2025-05-08 00:00:00',128,'Stacey Gill','nwarner@example.org','professor',138,118),(39,120,4,'2025-08-03 00:00:00','2025-08-03 00:00:00',24,'Laura Lee','kennedyaustin@example.org','student',10,'Assignment4','2025-07-30 00:00:00','2025-05-06 00:00:00','2025-07-30 00:00:00','2025-07-27 00:00:00','2025-08-11 00:00:00','2025-08-17 00:00:00','2025-08-21 00:00:00','Advanced Philosophy',128,'2025-05-08 00:00:00',128,'Stacey Gill','nwarner@example.org','professor',102,120),(40,53,4,'2025-07-26 00:00:00','2025-07-27 00:00:00',40,'Andrew Stout','wwall@example.org','student',10,'Assignment4','2025-07-30 00:00:00','2025-05-06 00:00:00','2025-07-30 00:00:00','2025-07-27 00:00:00','2025-08-11 00:00:00','2025-08-17 00:00:00','2025-08-21 00:00:00','Advanced Philosophy',128,'2025-05-08 00:00:00',128,'Stacey Gill','nwarner@example.org','professor',115,53),(41,88,4,'2025-07-29 00:00:00','2025-07-29 00:00:00',44,'Antonio Mccullough','brady59@example.com','student',10,'Assignment4','2025-07-30 00:00:00','2025-05-06 00:00:00','2025-07-30 00:00:00','2025-07-27 00:00:00','2025-08-11 00:00:00','2025-08-17 00:00:00','2025-08-21 00:00:00','Advanced Philosophy',128,'2025-05-08 00:00:00',128,'Stacey Gill','nwarner@example.org','professor',161,88),(42,31,4,'2025-07-24 00:00:00','2025-07-24 00:00:00',49,'Kimberly Singleton','fsanchez@example.org','student',10,'Assignment4','2025-07-30 00:00:00','2025-05-06 00:00:00','2025-07-30 00:00:00','2025-07-27 00:00:00','2025-08-11 00:00:00','2025-08-17 00:00:00','2025-08-21 00:00:00','Advanced Philosophy',128,'2025-05-08 00:00:00',128,'Stacey Gill','nwarner@example.org','professor',178,31),(43,80,4,'2025-08-03 00:00:00','2025-08-03 00:00:00',43,'Michael Hays','kenneth81@example.org','student',10,'Assignment4','2025-07-30 00:00:00','2025-05-06 00:00:00','2025-07-30 00:00:00','2025-07-27 00:00:00','2025-08-11 00:00:00','2025-08-17 00:00:00','2025-08-21 00:00:00','Advanced Philosophy',128,'2025-05-08 00:00:00',128,'Stacey Gill','nwarner@example.org','professor',86,80),(44,68,4,'2025-07-31 00:00:00','2025-07-31 00:00:00',67,'Dana Ewing','jacobharris@example.net','student',10,'Assignment4','2025-07-30 00:00:00','2025-05-06 00:00:00','2025-07-30 00:00:00','2025-07-27 00:00:00','2025-08-11 00:00:00','2025-08-17 00:00:00','2025-08-21 00:00:00','Advanced Philosophy',128,'2025-05-08 00:00:00',128,'Stacey Gill','nwarner@example.org','professor',3,68),(45,22,4,'2025-07-24 00:00:00','2025-07-25 00:00:00',43,'Joshua Hicks','lynchmark@example.net','student',10,'Assignment4','2025-07-30 00:00:00','2025-05-06 00:00:00','2025-07-30 00:00:00','2025-07-27 00:00:00','2025-08-11 00:00:00','2025-08-17 00:00:00','2025-08-21 00:00:00','Advanced Philosophy',128,'2025-05-08 00:00:00',128,'Stacey Gill','nwarner@example.org','professor',80,22),(46,17,4,'2025-08-03 00:00:00','2025-08-04 00:00:00',61,'Thomas Ramirez','michael27@example.org','student',10,'Assignment4','2025-07-30 00:00:00','2025-05-06 00:00:00','2025-07-30 00:00:00','2025-07-27 00:00:00','2025-08-11 00:00:00','2025-08-17 00:00:00','2025-08-21 00:00:00','Advanced Philosophy',128,'2025-05-08 00:00:00',128,'Stacey Gill','nwarner@example.org','professor',193,17),(47,65,4,'2025-08-01 00:00:00','2025-08-01 00:00:00',43,'Ricky Smith','osbornashley@example.com','student',10,'Assignment4','2025-07-30 00:00:00','2025-05-06 00:00:00','2025-07-30 00:00:00','2025-07-27 00:00:00','2025-08-11 00:00:00','2025-08-17 00:00:00','2025-08-21 00:00:00','Advanced Philosophy',128,'2025-05-08 00:00:00',128,'Stacey Gill','nwarner@example.org','professor',62,65),(48,84,4,'2025-07-30 00:00:00','2025-07-31 00:00:00',63,'Martin Nichols','wmartin@example.com','student',10,'Assignment4','2025-07-30 00:00:00','2025-05-06 00:00:00','2025-07-30 00:00:00','2025-07-27 00:00:00','2025-08-11 00:00:00','2025-08-17 00:00:00','2025-08-21 00:00:00','Advanced Philosophy',128,'2025-05-08 00:00:00',128,'Stacey Gill','nwarner@example.org','professor',210,84),(49,21,4,'2025-08-02 00:00:00','2025-08-02 00:00:00',60,'Joshua Smith','gknight@example.net','student',10,'Assignment4','2025-07-30 00:00:00','2025-05-06 00:00:00','2025-07-30 00:00:00','2025-07-27 00:00:00','2025-08-11 00:00:00','2025-08-17 00:00:00','2025-08-21 00:00:00','Advanced Philosophy',128,'2025-05-08 00:00:00',128,'Stacey Gill','nwarner@example.org','professor',91,21),(50,94,4,'2025-07-26 00:00:00','2025-07-26 00:00:00',95,'Deborah Odonnell','normapineda@example.org','student',10,'Assignment4','2025-07-30 00:00:00','2025-05-06 00:00:00','2025-07-30 00:00:00','2025-07-27 00:00:00','2025-08-11 00:00:00','2025-08-17 00:00:00','2025-08-21 00:00:00','Advanced Philosophy',128,'2025-05-08 00:00:00',128,'Stacey Gill','nwarner@example.org','professor',219,94),(51,36,4,'2025-08-04 00:00:00','2025-08-04 00:00:00',57,'Brett Nixon','alexandra68@example.com','student',10,'Assignment4','2025-07-30 00:00:00','2025-05-06 00:00:00','2025-07-30 00:00:00','2025-07-27 00:00:00','2025-08-11 00:00:00','2025-08-17 00:00:00','2025-08-21 00:00:00','Advanced Philosophy',128,'2025-05-08 00:00:00',128,'Stacey Gill','nwarner@example.org','professor',40,36),(52,66,5,'2025-08-01 00:00:00','2025-08-02 00:00:00',96,'Jennifer Valdez','hserrano@example.com','student',6,'Assignment5','2025-08-08 00:00:00','2025-05-09 00:00:00','2025-08-08 00:00:00','2025-08-05 00:00:00','2025-08-24 00:00:00','2025-08-22 00:00:00','2025-08-25 00:00:00','Foundations of Chemistry',126,'2025-05-09 00:00:00',126,'Nicholas Joyce','acevedoconnie@example.org','professor',74,66),(53,117,5,'2025-08-01 00:00:00','2025-08-02 00:00:00',56,'James Turner MD','carolyn06@example.com','student',6,'Assignment5','2025-08-08 00:00:00','2025-05-09 00:00:00','2025-08-08 00:00:00','2025-08-05 00:00:00','2025-08-24 00:00:00','2025-08-22 00:00:00','2025-08-25 00:00:00','Foundations of Chemistry',126,'2025-05-09 00:00:00',126,'Nicholas Joyce','acevedoconnie@example.org','professor',29,117),(54,114,5,'2025-08-06 00:00:00','2025-08-07 00:00:00',86,'Dennis Richards','christopherwhite@example.org','student',6,'Assignment5','2025-08-08 00:00:00','2025-05-09 00:00:00','2025-08-08 00:00:00','2025-08-05 00:00:00','2025-08-24 00:00:00','2025-08-22 00:00:00','2025-08-25 00:00:00','Foundations of Chemistry',126,'2025-05-09 00:00:00',126,'Nicholas Joyce','acevedoconnie@example.org','professor',54,114),(55,118,5,'2025-08-06 00:00:00','2025-08-07 00:00:00',47,'Matthew Smith','lisa05@example.com','student',6,'Assignment5','2025-08-08 00:00:00','2025-05-09 00:00:00','2025-08-08 00:00:00','2025-08-05 00:00:00','2025-08-24 00:00:00','2025-08-22 00:00:00','2025-08-25 00:00:00','Foundations of Chemistry',126,'2025-05-09 00:00:00',126,'Nicholas Joyce','acevedoconnie@example.org','professor',137,118),(56,82,5,'2025-08-04 00:00:00','2025-08-05 00:00:00',57,'Natalie Henderson','fharris@example.net','student',6,'Assignment5','2025-08-08 00:00:00','2025-05-09 00:00:00','2025-08-08 00:00:00','2025-08-05 00:00:00','2025-08-24 00:00:00','2025-08-22 00:00:00','2025-08-25 00:00:00','Foundations of Chemistry',126,'2025-05-09 00:00:00',126,'Nicholas Joyce','acevedoconnie@example.org','professor',187,82),(57,23,5,'2025-08-03 00:00:00','2025-08-03 00:00:00',60,'Lisa Lopez','shannonhoward@example.org','student',6,'Assignment5','2025-08-08 00:00:00','2025-05-09 00:00:00','2025-08-08 00:00:00','2025-08-05 00:00:00','2025-08-24 00:00:00','2025-08-22 00:00:00','2025-08-25 00:00:00','Foundations of Chemistry',126,'2025-05-09 00:00:00',126,'Nicholas Joyce','acevedoconnie@example.org','professor',34,23),(58,92,5,'2025-08-01 00:00:00','2025-08-01 00:00:00',42,'Jake Fisher','kbarker@example.org','student',6,'Assignment5','2025-08-08 00:00:00','2025-05-09 00:00:00','2025-08-08 00:00:00','2025-08-05 00:00:00','2025-08-24 00:00:00','2025-08-22 00:00:00','2025-08-25 00:00:00','Foundations of Chemistry',126,'2025-05-09 00:00:00',126,'Nicholas Joyce','acevedoconnie@example.org','professor',57,92),(59,72,5,'2025-08-01 00:00:00','2025-08-02 00:00:00',75,'Ashley Collins','gregory56@example.com','student',6,'Assignment5','2025-08-08 00:00:00','2025-05-09 00:00:00','2025-08-08 00:00:00','2025-08-05 00:00:00','2025-08-24 00:00:00','2025-08-22 00:00:00','2025-08-25 00:00:00','Foundations of Chemistry',126,'2025-05-09 00:00:00',126,'Nicholas Joyce','acevedoconnie@example.org','professor',224,72),(60,97,5,'2025-08-02 00:00:00','2025-08-02 00:00:00',76,'Kayla Jones','mikemclean@example.net','student',6,'Assignment5','2025-08-08 00:00:00','2025-05-09 00:00:00','2025-08-08 00:00:00','2025-08-05 00:00:00','2025-08-24 00:00:00','2025-08-22 00:00:00','2025-08-25 00:00:00','Foundations of Chemistry',126,'2025-05-09 00:00:00',126,'Nicholas Joyce','acevedoconnie@example.org','professor',129,97),(61,6,6,'2025-07-29 00:00:00','2025-07-30 00:00:00',79,'Linda Morris','ythompson@example.org','student',3,'Assignment6','2025-07-26 00:00:00','2025-05-10 00:00:00','2025-07-26 00:00:00','2025-07-23 00:00:00','2025-08-09 00:00:00','2025-08-10 00:00:00','2025-08-13 00:00:00','Art 201',121,'2025-05-01 00:00:00',121,'Amber Moses','gherrera@example.net','professor',184,6),(62,14,6,'2025-07-21 00:00:00','2025-07-21 00:00:00',78,'Derek Jones','richardpatterson@example.net','student',3,'Assignment6','2025-07-26 00:00:00','2025-05-10 00:00:00','2025-07-26 00:00:00','2025-07-23 00:00:00','2025-08-09 00:00:00','2025-08-10 00:00:00','2025-08-13 00:00:00','Art 201',121,'2025-05-01 00:00:00',121,'Amber Moses','gherrera@example.net','professor',112,14),(63,109,6,'2025-07-28 00:00:00','2025-07-28 00:00:00',73,'Megan Berry','berryronald@example.org','student',3,'Assignment6','2025-07-26 00:00:00','2025-05-10 00:00:00','2025-07-26 00:00:00','2025-07-23 00:00:00','2025-08-09 00:00:00','2025-08-10 00:00:00','2025-08-13 00:00:00','Art 201',121,'2025-05-01 00:00:00',121,'Amber Moses','gherrera@example.net','professor',28,109),(64,96,6,'2025-07-22 00:00:00','2025-07-23 00:00:00',74,'Dr. Shawn Benson','evangarrison@example.com','student',3,'Assignment6','2025-07-26 00:00:00','2025-05-10 00:00:00','2025-07-26 00:00:00','2025-07-23 00:00:00','2025-08-09 00:00:00','2025-08-10 00:00:00','2025-08-13 00:00:00','Art 201',121,'2025-05-01 00:00:00',121,'Amber Moses','gherrera@example.net','professor',110,96),(65,66,6,'2025-08-01 00:00:00','2025-08-01 00:00:00',0,'Jennifer Valdez','hserrano@example.com','student',3,'Assignment6','2025-07-26 00:00:00','2025-05-10 00:00:00','2025-07-26 00:00:00','2025-07-23 00:00:00','2025-08-09 00:00:00','2025-08-10 00:00:00','2025-08-13 00:00:00','Art 201',121,'2025-05-01 00:00:00',121,'Amber Moses','gherrera@example.net','professor',72,66),(66,15,6,'2025-07-26 00:00:00','2025-07-26 00:00:00',43,'Jasmine Campbell','chambersdonna@example.net','student',3,'Assignment6','2025-07-26 00:00:00','2025-05-10 00:00:00','2025-07-26 00:00:00','2025-07-23 00:00:00','2025-08-09 00:00:00','2025-08-10 00:00:00','2025-08-13 00:00:00','Art 201',121,'2025-05-01 00:00:00',121,'Amber Moses','gherrera@example.net','professor',78,15),(67,89,6,'2025-07-27 00:00:00','2025-07-27 00:00:00',92,'Kelly Le','samuel93@example.net','student',3,'Assignment6','2025-07-26 00:00:00','2025-05-10 00:00:00','2025-07-26 00:00:00','2025-07-23 00:00:00','2025-08-09 00:00:00','2025-08-10 00:00:00','2025-08-13 00:00:00','Art 201',121,'2025-05-01 00:00:00',121,'Amber Moses','gherrera@example.net','professor',117,89),(68,31,6,'2025-07-31 00:00:00','2025-08-01 00:00:00',30,'Kimberly Singleton','fsanchez@example.org','student',3,'Assignment6','2025-07-26 00:00:00','2025-05-10 00:00:00','2025-07-26 00:00:00','2025-07-23 00:00:00','2025-08-09 00:00:00','2025-08-10 00:00:00','2025-08-13 00:00:00','Art 201',121,'2025-05-01 00:00:00',121,'Amber Moses','gherrera@example.net','professor',179,31),(69,13,6,'2025-07-31 00:00:00','2025-08-01 00:00:00',43,'James Porter','suzanne52@example.com','student',3,'Assignment6','2025-07-26 00:00:00','2025-05-10 00:00:00','2025-07-26 00:00:00','2025-07-23 00:00:00','2025-08-09 00:00:00','2025-08-10 00:00:00','2025-08-13 00:00:00','Art 201',121,'2025-05-01 00:00:00',121,'Amber Moses','gherrera@example.net','professor',200,13),(70,80,6,'2025-07-20 00:00:00','2025-07-21 00:00:00',79,'Michael Hays','kenneth81@example.org','student',3,'Assignment6','2025-07-26 00:00:00','2025-05-10 00:00:00','2025-07-26 00:00:00','2025-07-23 00:00:00','2025-08-09 00:00:00','2025-08-10 00:00:00','2025-08-13 00:00:00','Art 201',121,'2025-05-01 00:00:00',121,'Amber Moses','gherrera@example.net','professor',85,80),(71,41,6,'2025-07-20 00:00:00','2025-07-21 00:00:00',97,'Tina Miller','kfreeman@example.org','student',3,'Assignment6','2025-07-26 00:00:00','2025-05-10 00:00:00','2025-07-26 00:00:00','2025-07-23 00:00:00','2025-08-09 00:00:00','2025-08-10 00:00:00','2025-08-13 00:00:00','Art 201',121,'2025-05-01 00:00:00',121,'Amber Moses','gherrera@example.net','professor',172,41),(72,107,6,'2025-07-23 00:00:00','2025-07-23 00:00:00',97,'Mia Boyd','peterwilliams@example.net','student',3,'Assignment6','2025-07-26 00:00:00','2025-05-10 00:00:00','2025-07-26 00:00:00','2025-07-23 00:00:00','2025-08-09 00:00:00','2025-08-10 00:00:00','2025-08-13 00:00:00','Art 201',121,'2025-05-01 00:00:00',121,'Amber Moses','gherrera@example.net','professor',93,107),(73,26,6,'2025-07-23 00:00:00','2025-07-23 00:00:00',89,'Anthony Smith','david54@example.org','student',3,'Assignment6','2025-07-26 00:00:00','2025-05-10 00:00:00','2025-07-26 00:00:00','2025-07-23 00:00:00','2025-08-09 00:00:00','2025-08-10 00:00:00','2025-08-13 00:00:00','Art 201',121,'2025-05-01 00:00:00',121,'Amber Moses','gherrera@example.net','professor',83,26),(74,25,6,'2025-07-20 00:00:00','2025-07-21 00:00:00',68,'Dustin Lopez','michaelbradshaw@example.org','student',3,'Assignment6','2025-07-26 00:00:00','2025-05-10 00:00:00','2025-07-26 00:00:00','2025-07-23 00:00:00','2025-08-09 00:00:00','2025-08-10 00:00:00','2025-08-13 00:00:00','Art 201',121,'2025-05-01 00:00:00',121,'Amber Moses','gherrera@example.net','professor',135,25),(75,99,6,'2025-07-27 00:00:00','2025-07-28 00:00:00',74,'Tracy Kramer','ddavis@example.com','student',3,'Assignment6','2025-07-26 00:00:00','2025-05-10 00:00:00','2025-07-26 00:00:00','2025-07-23 00:00:00','2025-08-09 00:00:00','2025-08-10 00:00:00','2025-08-13 00:00:00','Art 201',121,'2025-05-01 00:00:00',121,'Amber Moses','gherrera@example.net','professor',144,99),(76,98,6,'2025-07-20 00:00:00','2025-07-20 00:00:00',94,'Joshua Nguyen','lopezdawn@example.org','student',3,'Assignment6','2025-07-26 00:00:00','2025-05-10 00:00:00','2025-07-26 00:00:00','2025-07-23 00:00:00','2025-08-09 00:00:00','2025-08-10 00:00:00','2025-08-13 00:00:00','Art 201',121,'2025-05-01 00:00:00',121,'Amber Moses','gherrera@example.net','professor',15,98),(77,59,6,'2025-07-30 00:00:00','2025-07-30 00:00:00',71,'Amy Ortiz','ggilbert@example.net','student',3,'Assignment6','2025-07-26 00:00:00','2025-05-10 00:00:00','2025-07-26 00:00:00','2025-07-23 00:00:00','2025-08-09 00:00:00','2025-08-10 00:00:00','2025-08-13 00:00:00','Art 201',121,'2025-05-01 00:00:00',121,'Amber Moses','gherrera@example.net','professor',146,59),(78,24,6,'2025-08-01 00:00:00','2025-08-01 00:00:00',0,'Gloria Ryan','whendrix@example.com','student',3,'Assignment6','2025-07-26 00:00:00','2025-05-10 00:00:00','2025-07-26 00:00:00','2025-07-23 00:00:00','2025-08-09 00:00:00','2025-08-10 00:00:00','2025-08-13 00:00:00','Art 201',121,'2025-05-01 00:00:00',121,'Amber Moses','gherrera@example.net','professor',24,24),(79,67,6,'2025-07-19 00:00:00','2025-07-20 00:00:00',92,'Donna Pittman','freemandustin@example.net','student',3,'Assignment6','2025-07-26 00:00:00','2025-05-10 00:00:00','2025-07-26 00:00:00','2025-07-23 00:00:00','2025-08-09 00:00:00','2025-08-10 00:00:00','2025-08-13 00:00:00','Art 201',121,'2025-05-01 00:00:00',121,'Amber Moses','gherrera@example.net','professor',21,67),(80,37,6,'2025-07-27 00:00:00','2025-07-28 00:00:00',81,'Paul Jones','bryanhardin@example.org','student',3,'Assignment6','2025-07-26 00:00:00','2025-05-10 00:00:00','2025-07-26 00:00:00','2025-07-23 00:00:00','2025-08-09 00:00:00','2025-08-10 00:00:00','2025-08-13 00:00:00','Art 201',121,'2025-05-01 00:00:00',121,'Amber Moses','gherrera@example.net','professor',65,37),(81,30,6,'2025-08-01 00:00:00','2025-08-02 00:00:00',0,'Parker Wiley','daniellegutierrez@example.org','student',3,'Assignment6','2025-07-26 00:00:00','2025-05-10 00:00:00','2025-07-26 00:00:00','2025-07-23 00:00:00','2025-08-09 00:00:00','2025-08-10 00:00:00','2025-08-13 00:00:00','Art 201',121,'2025-05-01 00:00:00',121,'Amber Moses','gherrera@example.net','professor',228,30),(82,99,7,'2025-07-22 00:00:00','2025-07-22 00:00:00',84,'Tracy Kramer','ddavis@example.com','student',3,'Assignment7','2025-07-24 00:00:00','2025-05-10 00:00:00','2025-07-24 00:00:00','2025-07-21 00:00:00','2025-08-06 00:00:00','2025-08-08 00:00:00','2025-08-13 00:00:00','Art 201',121,'2025-05-01 00:00:00',121,'Amber Moses','gherrera@example.net','professor',144,99),(83,26,7,'2025-07-17 00:00:00','2025-07-17 00:00:00',78,'Anthony Smith','david54@example.org','student',3,'Assignment7','2025-07-24 00:00:00','2025-05-10 00:00:00','2025-07-24 00:00:00','2025-07-21 00:00:00','2025-08-06 00:00:00','2025-08-08 00:00:00','2025-08-13 00:00:00','Art 201',121,'2025-05-01 00:00:00',121,'Amber Moses','gherrera@example.net','professor',83,26),(84,30,7,'2025-07-26 00:00:00','2025-07-27 00:00:00',62,'Parker Wiley','daniellegutierrez@example.org','student',3,'Assignment7','2025-07-24 00:00:00','2025-05-10 00:00:00','2025-07-24 00:00:00','2025-07-21 00:00:00','2025-08-06 00:00:00','2025-08-08 00:00:00','2025-08-13 00:00:00','Art 201',121,'2025-05-01 00:00:00',121,'Amber Moses','gherrera@example.net','professor',228,30),(85,14,7,'2025-07-17 00:00:00','2025-07-18 00:00:00',74,'Derek Jones','richardpatterson@example.net','student',3,'Assignment7','2025-07-24 00:00:00','2025-05-10 00:00:00','2025-07-24 00:00:00','2025-07-21 00:00:00','2025-08-06 00:00:00','2025-08-08 00:00:00','2025-08-13 00:00:00','Art 201',121,'2025-05-01 00:00:00',121,'Amber Moses','gherrera@example.net','professor',112,14),(86,107,7,'2025-07-25 00:00:00','2025-07-25 00:00:00',79,'Mia Boyd','peterwilliams@example.net','student',3,'Assignment7','2025-07-24 00:00:00','2025-05-10 00:00:00','2025-07-24 00:00:00','2025-07-21 00:00:00','2025-08-06 00:00:00','2025-08-08 00:00:00','2025-08-13 00:00:00','Art 201',121,'2025-05-01 00:00:00',121,'Amber Moses','gherrera@example.net','professor',93,107),(87,89,7,'2025-07-28 00:00:00','2025-07-29 00:00:00',47,'Kelly Le','samuel93@example.net','student',3,'Assignment7','2025-07-24 00:00:00','2025-05-10 00:00:00','2025-07-24 00:00:00','2025-07-21 00:00:00','2025-08-06 00:00:00','2025-08-08 00:00:00','2025-08-13 00:00:00','Art 201',121,'2025-05-01 00:00:00',121,'Amber Moses','gherrera@example.net','professor',117,89),(88,13,7,'2025-07-20 00:00:00','2025-07-21 00:00:00',50,'James Porter','suzanne52@example.com','student',3,'Assignment7','2025-07-24 00:00:00','2025-05-10 00:00:00','2025-07-24 00:00:00','2025-07-21 00:00:00','2025-08-06 00:00:00','2025-08-08 00:00:00','2025-08-13 00:00:00','Art 201',121,'2025-05-01 00:00:00',121,'Amber Moses','gherrera@example.net','professor',200,13),(89,96,7,'2025-07-27 00:00:00','2025-07-27 00:00:00',58,'Dr. Shawn Benson','evangarrison@example.com','student',3,'Assignment7','2025-07-24 00:00:00','2025-05-10 00:00:00','2025-07-24 00:00:00','2025-07-21 00:00:00','2025-08-06 00:00:00','2025-08-08 00:00:00','2025-08-13 00:00:00','Art 201',121,'2025-05-01 00:00:00',121,'Amber Moses','gherrera@example.net','professor',110,96),(90,80,7,'2025-07-17 00:00:00','2025-07-18 00:00:00',47,'Michael Hays','kenneth81@example.org','student',3,'Assignment7','2025-07-24 00:00:00','2025-05-10 00:00:00','2025-07-24 00:00:00','2025-07-21 00:00:00','2025-08-06 00:00:00','2025-08-08 00:00:00','2025-08-13 00:00:00','Art 201',121,'2025-05-01 00:00:00',121,'Amber Moses','gherrera@example.net','professor',85,80),(91,98,7,'2025-07-26 00:00:00','2025-07-26 00:00:00',58,'Joshua Nguyen','lopezdawn@example.org','student',3,'Assignment7','2025-07-24 00:00:00','2025-05-10 00:00:00','2025-07-24 00:00:00','2025-07-21 00:00:00','2025-08-06 00:00:00','2025-08-08 00:00:00','2025-08-13 00:00:00','Art 201',121,'2025-05-01 00:00:00',121,'Amber Moses','gherrera@example.net','professor',15,98),(92,6,7,'2025-07-18 00:00:00','2025-07-19 00:00:00',47,'Linda Morris','ythompson@example.org','student',3,'Assignment7','2025-07-24 00:00:00','2025-05-10 00:00:00','2025-07-24 00:00:00','2025-07-21 00:00:00','2025-08-06 00:00:00','2025-08-08 00:00:00','2025-08-13 00:00:00','Art 201',121,'2025-05-01 00:00:00',121,'Amber Moses','gherrera@example.net','professor',184,6),(93,25,7,'2025-07-21 00:00:00','2025-07-21 00:00:00',47,'Dustin Lopez','michaelbradshaw@example.org','student',3,'Assignment7','2025-07-24 00:00:00','2025-05-10 00:00:00','2025-07-24 00:00:00','2025-07-21 00:00:00','2025-08-06 00:00:00','2025-08-08 00:00:00','2025-08-13 00:00:00','Art 201',121,'2025-05-01 00:00:00',121,'Amber Moses','gherrera@example.net','professor',135,25),(94,41,7,'2025-07-26 00:00:00','2025-07-26 00:00:00',79,'Tina Miller','kfreeman@example.org','student',3,'Assignment7','2025-07-24 00:00:00','2025-05-10 00:00:00','2025-07-24 00:00:00','2025-07-21 00:00:00','2025-08-06 00:00:00','2025-08-08 00:00:00','2025-08-13 00:00:00','Art 201',121,'2025-05-01 00:00:00',121,'Amber Moses','gherrera@example.net','professor',172,41),(95,31,7,'2025-07-25 00:00:00','2025-07-26 00:00:00',95,'Kimberly Singleton','fsanchez@example.org','student',3,'Assignment7','2025-07-24 00:00:00','2025-05-10 00:00:00','2025-07-24 00:00:00','2025-07-21 00:00:00','2025-08-06 00:00:00','2025-08-08 00:00:00','2025-08-13 00:00:00','Art 201',121,'2025-05-01 00:00:00',121,'Amber Moses','gherrera@example.net','professor',179,31),(96,15,7,'2025-07-26 00:00:00','2025-07-27 00:00:00',60,'Jasmine Campbell','chambersdonna@example.net','student',3,'Assignment7','2025-07-24 00:00:00','2025-05-10 00:00:00','2025-07-24 00:00:00','2025-07-21 00:00:00','2025-08-06 00:00:00','2025-08-08 00:00:00','2025-08-13 00:00:00','Art 201',121,'2025-05-01 00:00:00',121,'Amber Moses','gherrera@example.net','professor',78,15),(97,67,7,'2025-07-30 00:00:00','2025-07-31 00:00:00',0,'Donna Pittman','freemandustin@example.net','student',3,'Assignment7','2025-07-24 00:00:00','2025-05-10 00:00:00','2025-07-24 00:00:00','2025-07-21 00:00:00','2025-08-06 00:00:00','2025-08-08 00:00:00','2025-08-13 00:00:00','Art 201',121,'2025-05-01 00:00:00',121,'Amber Moses','gherrera@example.net','professor',21,67),(98,6,8,'2025-07-14 00:00:00','2025-07-14 00:00:00',69,'Linda Morris','ythompson@example.org','student',3,'Assignment8','2025-07-19 00:00:00','2025-05-07 00:00:00','2025-07-19 00:00:00','2025-07-16 00:00:00','2025-08-01 00:00:00','2025-08-04 00:00:00','2025-08-08 00:00:00','Art 201',121,'2025-05-01 00:00:00',121,'Amber Moses','gherrera@example.net','professor',184,6),(99,67,8,'2025-07-15 00:00:00','2025-07-15 00:00:00',59,'Donna Pittman','freemandustin@example.net','student',3,'Assignment8','2025-07-19 00:00:00','2025-05-07 00:00:00','2025-07-19 00:00:00','2025-07-16 00:00:00','2025-08-01 00:00:00','2025-08-04 00:00:00','2025-08-08 00:00:00','Art 201',121,'2025-05-01 00:00:00',121,'Amber Moses','gherrera@example.net','professor',21,67),(100,37,8,'2025-07-13 00:00:00','2025-07-13 00:00:00',78,'Paul Jones','bryanhardin@example.org','student',3,'Assignment8','2025-07-19 00:00:00','2025-05-07 00:00:00','2025-07-19 00:00:00','2025-07-16 00:00:00','2025-08-01 00:00:00','2025-08-04 00:00:00','2025-08-08 00:00:00','Art 201',121,'2025-05-01 00:00:00',121,'Amber Moses','gherrera@example.net','professor',65,37),(101,89,8,'2025-07-24 00:00:00','2025-07-24 00:00:00',29,'Kelly Le','samuel93@example.net','student',3,'Assignment8','2025-07-19 00:00:00','2025-05-07 00:00:00','2025-07-19 00:00:00','2025-07-16 00:00:00','2025-08-01 00:00:00','2025-08-04 00:00:00','2025-08-08 00:00:00','Art 201',121,'2025-05-01 00:00:00',121,'Amber Moses','gherrera@example.net','professor',117,89),(102,59,8,'2025-07-22 00:00:00','2025-07-22 00:00:00',54,'Amy Ortiz','ggilbert@example.net','student',3,'Assignment8','2025-07-19 00:00:00','2025-05-07 00:00:00','2025-07-19 00:00:00','2025-07-16 00:00:00','2025-08-01 00:00:00','2025-08-04 00:00:00','2025-08-08 00:00:00','Art 201',121,'2025-05-01 00:00:00',121,'Amber Moses','gherrera@example.net','professor',146,59),(103,24,8,'2025-07-12 00:00:00','2025-07-12 00:00:00',89,'Gloria Ryan','whendrix@example.com','student',3,'Assignment8','2025-07-19 00:00:00','2025-05-07 00:00:00','2025-07-19 00:00:00','2025-07-16 00:00:00','2025-08-01 00:00:00','2025-08-04 00:00:00','2025-08-08 00:00:00','Art 201',121,'2025-05-01 00:00:00',121,'Amber Moses','gherrera@example.net','professor',24,24),(104,107,8,'2025-07-24 00:00:00','2025-07-25 00:00:00',41,'Mia Boyd','peterwilliams@example.net','student',3,'Assignment8','2025-07-19 00:00:00','2025-05-07 00:00:00','2025-07-19 00:00:00','2025-07-16 00:00:00','2025-08-01 00:00:00','2025-08-04 00:00:00','2025-08-08 00:00:00','Art 201',121,'2025-05-01 00:00:00',121,'Amber Moses','gherrera@example.net','professor',93,107),(105,26,8,'2025-07-12 00:00:00','2025-07-13 00:00:00',43,'Anthony Smith','david54@example.org','student',3,'Assignment8','2025-07-19 00:00:00','2025-05-07 00:00:00','2025-07-19 00:00:00','2025-07-16 00:00:00','2025-08-01 00:00:00','2025-08-04 00:00:00','2025-08-08 00:00:00','Art 201',121,'2025-05-01 00:00:00',121,'Amber Moses','gherrera@example.net','professor',83,26),(106,15,8,'2025-07-16 00:00:00','2025-07-16 00:00:00',78,'Jasmine Campbell','chambersdonna@example.net','student',3,'Assignment8','2025-07-19 00:00:00','2025-05-07 00:00:00','2025-07-19 00:00:00','2025-07-16 00:00:00','2025-08-01 00:00:00','2025-08-04 00:00:00','2025-08-08 00:00:00','Art 201',121,'2025-05-01 00:00:00',121,'Amber Moses','gherrera@example.net','professor',78,15),(107,30,8,'2025-07-21 00:00:00','2025-07-21 00:00:00',54,'Parker Wiley','daniellegutierrez@example.org','student',3,'Assignment8','2025-07-19 00:00:00','2025-05-07 00:00:00','2025-07-19 00:00:00','2025-07-16 00:00:00','2025-08-01 00:00:00','2025-08-04 00:00:00','2025-08-08 00:00:00','Art 201',121,'2025-05-01 00:00:00',121,'Amber Moses','gherrera@example.net','professor',228,30),(108,109,8,'2025-07-22 00:00:00','2025-07-23 00:00:00',76,'Megan Berry','berryronald@example.org','student',3,'Assignment8','2025-07-19 00:00:00','2025-05-07 00:00:00','2025-07-19 00:00:00','2025-07-16 00:00:00','2025-08-01 00:00:00','2025-08-04 00:00:00','2025-08-08 00:00:00','Art 201',121,'2025-05-01 00:00:00',121,'Amber Moses','gherrera@example.net','professor',28,109),(109,80,8,'2025-07-24 00:00:00','2025-07-24 00:00:00',38,'Michael Hays','kenneth81@example.org','student',3,'Assignment8','2025-07-19 00:00:00','2025-05-07 00:00:00','2025-07-19 00:00:00','2025-07-16 00:00:00','2025-08-01 00:00:00','2025-08-04 00:00:00','2025-08-08 00:00:00','Art 201',121,'2025-05-01 00:00:00',121,'Amber Moses','gherrera@example.net','professor',85,80),(110,66,8,'2025-07-14 00:00:00','2025-07-15 00:00:00',44,'Jennifer Valdez','hserrano@example.com','student',3,'Assignment8','2025-07-19 00:00:00','2025-05-07 00:00:00','2025-07-19 00:00:00','2025-07-16 00:00:00','2025-08-01 00:00:00','2025-08-04 00:00:00','2025-08-08 00:00:00','Art 201',121,'2025-05-01 00:00:00',121,'Amber Moses','gherrera@example.net','professor',72,66),(111,41,8,'2025-07-21 00:00:00','2025-07-21 00:00:00',30,'Tina Miller','kfreeman@example.org','student',3,'Assignment8','2025-07-19 00:00:00','2025-05-07 00:00:00','2025-07-19 00:00:00','2025-07-16 00:00:00','2025-08-01 00:00:00','2025-08-04 00:00:00','2025-08-08 00:00:00','Art 201',121,'2025-05-01 00:00:00',121,'Amber Moses','gherrera@example.net','professor',172,41),(112,13,8,'2025-07-24 00:00:00','2025-07-25 00:00:00',71,'James Porter','suzanne52@example.com','student',3,'Assignment8','2025-07-19 00:00:00','2025-05-07 00:00:00','2025-07-19 00:00:00','2025-07-16 00:00:00','2025-08-01 00:00:00','2025-08-04 00:00:00','2025-08-08 00:00:00','Art 201',121,'2025-05-01 00:00:00',121,'Amber Moses','gherrera@example.net','professor',200,13),(113,30,9,'2025-07-27 00:00:00','2025-07-27 00:00:00',87,'Parker Wiley','daniellegutierrez@example.org','student',15,'Assignment9','2025-07-30 00:00:00','2025-05-07 00:00:00','2025-07-30 00:00:00','2025-07-27 00:00:00','2025-08-14 00:00:00','2025-08-14 00:00:00','2025-08-18 00:00:00','Chemistry 301',127,'2025-05-04 00:00:00',127,'Bobby Clark','leetonya@example.org','professor',226,30),(114,16,9,'2025-07-24 00:00:00','2025-07-24 00:00:00',52,'Jason Roberson','carolynsloan@example.org','student',15,'Assignment9','2025-07-30 00:00:00','2025-05-07 00:00:00','2025-07-30 00:00:00','2025-07-27 00:00:00','2025-08-14 00:00:00','2025-08-14 00:00:00','2025-08-18 00:00:00','Chemistry 301',127,'2025-05-04 00:00:00',127,'Bobby Clark','leetonya@example.org','professor',4,16),(115,26,9,'2025-07-31 00:00:00','2025-08-01 00:00:00',64,'Anthony Smith','david54@example.org','student',15,'Assignment9','2025-07-30 00:00:00','2025-05-07 00:00:00','2025-07-30 00:00:00','2025-07-27 00:00:00','2025-08-14 00:00:00','2025-08-14 00:00:00','2025-08-18 00:00:00','Chemistry 301',127,'2025-05-04 00:00:00',127,'Bobby Clark','leetonya@example.org','professor',82,26),(116,34,9,'2025-07-25 00:00:00','2025-07-25 00:00:00',89,'David Newman','qreyes@example.org','student',15,'Assignment9','2025-07-30 00:00:00','2025-05-07 00:00:00','2025-07-30 00:00:00','2025-07-27 00:00:00','2025-08-14 00:00:00','2025-08-14 00:00:00','2025-08-18 00:00:00','Chemistry 301',127,'2025-05-04 00:00:00',127,'Bobby Clark','leetonya@example.org','professor',45,34),(117,105,9,'2025-07-28 00:00:00','2025-07-28 00:00:00',41,'Amanda Castillo','carrilloamanda@example.org','student',15,'Assignment9','2025-07-30 00:00:00','2025-05-07 00:00:00','2025-07-30 00:00:00','2025-07-27 00:00:00','2025-08-14 00:00:00','2025-08-14 00:00:00','2025-08-18 00:00:00','Chemistry 301',127,'2025-05-04 00:00:00',127,'Bobby Clark','leetonya@example.org','professor',126,105),(118,76,9,'2025-07-26 00:00:00','2025-07-26 00:00:00',82,'Monica Sutton','teresa41@example.org','student',15,'Assignment9','2025-07-30 00:00:00','2025-05-07 00:00:00','2025-07-30 00:00:00','2025-07-27 00:00:00','2025-08-14 00:00:00','2025-08-14 00:00:00','2025-08-18 00:00:00','Chemistry 301',127,'2025-05-04 00:00:00',127,'Bobby Clark','leetonya@example.org','professor',52,76),(119,70,9,'2025-07-31 00:00:00','2025-07-31 00:00:00',64,'Kayla Smith','olivia35@example.net','student',15,'Assignment9','2025-07-30 00:00:00','2025-05-07 00:00:00','2025-07-30 00:00:00','2025-07-27 00:00:00','2025-08-14 00:00:00','2025-08-14 00:00:00','2025-08-18 00:00:00','Chemistry 301',127,'2025-05-04 00:00:00',127,'Bobby Clark','leetonya@example.org','professor',114,70),(120,7,9,'2025-08-03 00:00:00','2025-08-03 00:00:00',38,'Scott Warren','jenniferdunn@example.org','student',15,'Assignment9','2025-07-30 00:00:00','2025-05-07 00:00:00','2025-07-30 00:00:00','2025-07-27 00:00:00','2025-08-14 00:00:00','2025-08-14 00:00:00','2025-08-18 00:00:00','Chemistry 301',127,'2025-05-04 00:00:00',127,'Bobby Clark','leetonya@example.org','professor',26,7),(121,79,9,'2025-08-05 00:00:00','2025-08-06 00:00:00',0,'Mr. Jason King Jr.','maryduarte@example.net','student',15,'Assignment9','2025-07-30 00:00:00','2025-05-07 00:00:00','2025-07-30 00:00:00','2025-07-27 00:00:00','2025-08-14 00:00:00','2025-08-14 00:00:00','2025-08-18 00:00:00','Chemistry 301',127,'2025-05-04 00:00:00',127,'Bobby Clark','leetonya@example.org','professor',156,79),(122,29,9,'2025-08-04 00:00:00','2025-08-05 00:00:00',25,'Marissa Parks','bishopcaitlin@example.com','student',15,'Assignment9','2025-07-30 00:00:00','2025-05-07 00:00:00','2025-07-30 00:00:00','2025-07-27 00:00:00','2025-08-14 00:00:00','2025-08-14 00:00:00','2025-08-18 00:00:00','Chemistry 301',127,'2025-05-04 00:00:00',127,'Bobby Clark','leetonya@example.org','professor',212,29),(123,63,9,'2025-08-03 00:00:00','2025-08-04 00:00:00',38,'Timothy Crosby','pachecodennis@example.net','student',15,'Assignment9','2025-07-30 00:00:00','2025-05-07 00:00:00','2025-07-30 00:00:00','2025-07-27 00:00:00','2025-08-14 00:00:00','2025-08-14 00:00:00','2025-08-18 00:00:00','Chemistry 301',127,'2025-05-04 00:00:00',127,'Bobby Clark','leetonya@example.org','professor',87,63),(124,113,10,'2025-08-08 00:00:00','2025-08-08 00:00:00',26,'Larry Wilson','rmartin@example.org','student',4,'Assignment10','2025-08-03 00:00:00','2025-05-06 00:00:00','2025-08-03 00:00:00','2025-07-31 00:00:00','2025-08-20 00:00:00','2025-08-18 00:00:00','2025-08-20 00:00:00','Foundations of Biology',132,'2025-05-08 00:00:00',132,'Kyle Francis','mgreer@example.net','professor',75,113),(125,100,10,'2025-07-27 00:00:00','2025-07-27 00:00:00',52,'Timothy Buchanan','andreagonzalez@example.org','student',4,'Assignment10','2025-08-03 00:00:00','2025-05-06 00:00:00','2025-08-03 00:00:00','2025-07-31 00:00:00','2025-08-20 00:00:00','2025-08-18 00:00:00','2025-08-20 00:00:00','Foundations of Biology',132,'2025-05-08 00:00:00',132,'Kyle Francis','mgreer@example.net','professor',66,100),(126,53,10,'2025-08-02 00:00:00','2025-08-03 00:00:00',91,'Andrew Stout','wwall@example.org','student',4,'Assignment10','2025-08-03 00:00:00','2025-05-06 00:00:00','2025-08-03 00:00:00','2025-07-31 00:00:00','2025-08-20 00:00:00','2025-08-18 00:00:00','2025-08-20 00:00:00','Foundations of Biology',132,'2025-05-08 00:00:00',132,'Kyle Francis','mgreer@example.net','professor',116,53),(127,111,10,'2025-07-30 00:00:00','2025-07-31 00:00:00',78,'Amber Williams','brendan56@example.com','student',4,'Assignment10','2025-08-03 00:00:00','2025-05-06 00:00:00','2025-08-03 00:00:00','2025-07-31 00:00:00','2025-08-20 00:00:00','2025-08-18 00:00:00','2025-08-20 00:00:00','Foundations of Biology',132,'2025-05-08 00:00:00',132,'Kyle Francis','mgreer@example.net','professor',206,111),(128,54,10,'2025-08-06 00:00:00','2025-08-07 00:00:00',49,'Sarah Carpenter','stacywilliams@example.com','student',4,'Assignment10','2025-08-03 00:00:00','2025-05-06 00:00:00','2025-08-03 00:00:00','2025-07-31 00:00:00','2025-08-20 00:00:00','2025-08-18 00:00:00','2025-08-20 00:00:00','Foundations of Biology',132,'2025-05-08 00:00:00',132,'Kyle Francis','mgreer@example.net','professor',2,54),(129,11,10,'2025-07-28 00:00:00','2025-07-29 00:00:00',68,'Tina Berger','marcusgrant@example.net','student',4,'Assignment10','2025-08-03 00:00:00','2025-05-06 00:00:00','2025-08-03 00:00:00','2025-07-31 00:00:00','2025-08-20 00:00:00','2025-08-18 00:00:00','2025-08-20 00:00:00','Foundations of Biology',132,'2025-05-08 00:00:00',132,'Kyle Francis','mgreer@example.net','professor',94,11),(130,3,10,'2025-08-06 00:00:00','2025-08-07 00:00:00',28,'Chris Johnson','dgomez@example.org','student',4,'Assignment10','2025-08-03 00:00:00','2025-05-06 00:00:00','2025-08-03 00:00:00','2025-07-31 00:00:00','2025-08-20 00:00:00','2025-08-18 00:00:00','2025-08-20 00:00:00','Foundations of Biology',132,'2025-05-08 00:00:00',132,'Kyle Francis','mgreer@example.net','professor',190,3),(131,103,10,'2025-08-04 00:00:00','2025-08-05 00:00:00',40,'Maria Mejia','mpennington@example.net','student',4,'Assignment10','2025-08-03 00:00:00','2025-05-06 00:00:00','2025-08-03 00:00:00','2025-07-31 00:00:00','2025-08-20 00:00:00','2025-08-18 00:00:00','2025-08-20 00:00:00','Foundations of Biology',132,'2025-05-08 00:00:00',132,'Kyle Francis','mgreer@example.net','professor',18,103),(132,36,11,'2025-08-02 00:00:00','2025-08-03 00:00:00',24,'Brett Nixon','alexandra68@example.com','student',10,'Assignment11','2025-07-28 00:00:00','2025-05-07 00:00:00','2025-07-28 00:00:00','2025-07-25 00:00:00','2025-08-14 00:00:00','2025-08-14 00:00:00','2025-08-18 00:00:00','Advanced Philosophy',128,'2025-05-08 00:00:00',128,'Stacey Gill','nwarner@example.org','professor',40,36),(133,68,11,'2025-07-28 00:00:00','2025-07-29 00:00:00',51,'Dana Ewing','jacobharris@example.net','student',10,'Assignment11','2025-07-28 00:00:00','2025-05-07 00:00:00','2025-07-28 00:00:00','2025-07-25 00:00:00','2025-08-14 00:00:00','2025-08-14 00:00:00','2025-08-18 00:00:00','Advanced Philosophy',128,'2025-05-08 00:00:00',128,'Stacey Gill','nwarner@example.org','professor',3,68),(134,120,11,'2025-08-02 00:00:00','2025-08-03 00:00:00',66,'Laura Lee','kennedyaustin@example.org','student',10,'Assignment11','2025-07-28 00:00:00','2025-05-07 00:00:00','2025-07-28 00:00:00','2025-07-25 00:00:00','2025-08-14 00:00:00','2025-08-14 00:00:00','2025-08-18 00:00:00','Advanced Philosophy',128,'2025-05-08 00:00:00',128,'Stacey Gill','nwarner@example.org','professor',102,120),(135,80,11,'2025-07-31 00:00:00','2025-08-01 00:00:00',65,'Michael Hays','kenneth81@example.org','student',10,'Assignment11','2025-07-28 00:00:00','2025-05-07 00:00:00','2025-07-28 00:00:00','2025-07-25 00:00:00','2025-08-14 00:00:00','2025-08-14 00:00:00','2025-08-18 00:00:00','Advanced Philosophy',128,'2025-05-08 00:00:00',128,'Stacey Gill','nwarner@example.org','professor',86,80),(136,118,11,'2025-07-25 00:00:00','2025-07-26 00:00:00',85,'Matthew Smith','lisa05@example.com','student',10,'Assignment11','2025-07-28 00:00:00','2025-05-07 00:00:00','2025-07-28 00:00:00','2025-07-25 00:00:00','2025-08-14 00:00:00','2025-08-14 00:00:00','2025-08-18 00:00:00','Advanced Philosophy',128,'2025-05-08 00:00:00',128,'Stacey Gill','nwarner@example.org','professor',138,118),(137,22,11,'2025-07-26 00:00:00','2025-07-26 00:00:00',45,'Joshua Hicks','lynchmark@example.net','student',10,'Assignment11','2025-07-28 00:00:00','2025-05-07 00:00:00','2025-07-28 00:00:00','2025-07-25 00:00:00','2025-08-14 00:00:00','2025-08-14 00:00:00','2025-08-18 00:00:00','Advanced Philosophy',128,'2025-05-08 00:00:00',128,'Stacey Gill','nwarner@example.org','professor',80,22),(138,31,11,'2025-07-31 00:00:00','2025-07-31 00:00:00',36,'Kimberly Singleton','fsanchez@example.org','student',10,'Assignment11','2025-07-28 00:00:00','2025-05-07 00:00:00','2025-07-28 00:00:00','2025-07-25 00:00:00','2025-08-14 00:00:00','2025-08-14 00:00:00','2025-08-18 00:00:00','Advanced Philosophy',128,'2025-05-08 00:00:00',128,'Stacey Gill','nwarner@example.org','professor',178,31),(139,21,11,'2025-07-31 00:00:00','2025-08-01 00:00:00',67,'Joshua Smith','gknight@example.net','student',10,'Assignment11','2025-07-28 00:00:00','2025-05-07 00:00:00','2025-07-28 00:00:00','2025-07-25 00:00:00','2025-08-14 00:00:00','2025-08-14 00:00:00','2025-08-18 00:00:00','Advanced Philosophy',128,'2025-05-08 00:00:00',128,'Stacey Gill','nwarner@example.org','professor',91,21),(140,17,11,'2025-08-02 00:00:00','2025-08-03 00:00:00',31,'Thomas Ramirez','michael27@example.org','student',10,'Assignment11','2025-07-28 00:00:00','2025-05-07 00:00:00','2025-07-28 00:00:00','2025-07-25 00:00:00','2025-08-14 00:00:00','2025-08-14 00:00:00','2025-08-18 00:00:00','Advanced Philosophy',128,'2025-05-08 00:00:00',128,'Stacey Gill','nwarner@example.org','professor',193,17),(141,88,11,'2025-08-02 00:00:00','2025-08-03 00:00:00',75,'Antonio Mccullough','brady59@example.com','student',10,'Assignment11','2025-07-28 00:00:00','2025-05-07 00:00:00','2025-07-28 00:00:00','2025-07-25 00:00:00','2025-08-14 00:00:00','2025-08-14 00:00:00','2025-08-18 00:00:00','Advanced Philosophy',128,'2025-05-08 00:00:00',128,'Stacey Gill','nwarner@example.org','professor',161,88),(142,15,12,'2025-08-06 00:00:00','2025-08-07 00:00:00',48,'Jasmine Campbell','chambersdonna@example.net','student',1,'Assignment12','2025-08-05 00:00:00','2025-05-05 00:00:00','2025-08-05 00:00:00','2025-08-02 00:00:00','2025-08-17 00:00:00','2025-08-22 00:00:00','2025-08-25 00:00:00','Economics 201',123,'2025-05-06 00:00:00',123,'Joshua Adams','timothyholden@example.com','professor',77,15),(143,48,12,'2025-08-04 00:00:00','2025-08-05 00:00:00',66,'Keith Simmons','tuckerjacqueline@example.org','student',1,'Assignment12','2025-08-05 00:00:00','2025-05-05 00:00:00','2025-08-05 00:00:00','2025-08-02 00:00:00','2025-08-17 00:00:00','2025-08-22 00:00:00','2025-08-25 00:00:00','Economics 201',123,'2025-05-06 00:00:00',123,'Joshua Adams','timothyholden@example.com','professor',37,48),(144,62,12,'2025-07-29 00:00:00','2025-07-30 00:00:00',66,'Sonya Mcgee','edwardwalter@example.org','student',1,'Assignment12','2025-08-05 00:00:00','2025-05-05 00:00:00','2025-08-05 00:00:00','2025-08-02 00:00:00','2025-08-17 00:00:00','2025-08-22 00:00:00','2025-08-25 00:00:00','Economics 201',123,'2025-05-06 00:00:00',123,'Joshua Adams','timothyholden@example.com','professor',106,62),(145,16,12,'2025-08-01 00:00:00','2025-08-01 00:00:00',57,'Jason Roberson','carolynsloan@example.org','student',1,'Assignment12','2025-08-05 00:00:00','2025-05-05 00:00:00','2025-08-05 00:00:00','2025-08-02 00:00:00','2025-08-17 00:00:00','2025-08-22 00:00:00','2025-08-25 00:00:00','Economics 201',123,'2025-05-06 00:00:00',123,'Joshua Adams','timothyholden@example.com','professor',5,16),(146,39,12,'2025-08-09 00:00:00','2025-08-09 00:00:00',35,'Jesse French','georgemichael@example.com','student',1,'Assignment12','2025-08-05 00:00:00','2025-05-05 00:00:00','2025-08-05 00:00:00','2025-08-02 00:00:00','2025-08-17 00:00:00','2025-08-22 00:00:00','2025-08-25 00:00:00','Economics 201',123,'2025-05-06 00:00:00',123,'Joshua Adams','timothyholden@example.com','professor',96,39),(147,64,12,'2025-08-04 00:00:00','2025-08-04 00:00:00',91,'Howard Knight','alexishernandez@example.net','student',1,'Assignment12','2025-08-05 00:00:00','2025-05-05 00:00:00','2025-08-05 00:00:00','2025-08-02 00:00:00','2025-08-17 00:00:00','2025-08-22 00:00:00','2025-08-25 00:00:00','Economics 201',123,'2025-05-06 00:00:00',123,'Joshua Adams','timothyholden@example.com','professor',160,64),(148,10,12,'2025-08-10 00:00:00','2025-08-10 00:00:00',50,'Shane Johnson DVM','charlestaylor@example.org','student',1,'Assignment12','2025-08-05 00:00:00','2025-05-05 00:00:00','2025-08-05 00:00:00','2025-08-02 00:00:00','2025-08-17 00:00:00','2025-08-22 00:00:00','2025-08-25 00:00:00','Economics 201',123,'2025-05-06 00:00:00',123,'Joshua Adams','timothyholden@example.com','professor',127,10),(149,84,12,'2025-07-30 00:00:00','2025-07-30 00:00:00',56,'Martin Nichols','wmartin@example.com','student',1,'Assignment12','2025-08-05 00:00:00','2025-05-05 00:00:00','2025-08-05 00:00:00','2025-08-02 00:00:00','2025-08-17 00:00:00','2025-08-22 00:00:00','2025-08-25 00:00:00','Economics 201',123,'2025-05-06 00:00:00',123,'Joshua Adams','timothyholden@example.com','professor',211,84),(150,105,12,'2025-08-05 00:00:00','2025-08-06 00:00:00',48,'Amanda Castillo','carrilloamanda@example.org','student',1,'Assignment12','2025-08-05 00:00:00','2025-05-05 00:00:00','2025-08-05 00:00:00','2025-08-02 00:00:00','2025-08-17 00:00:00','2025-08-22 00:00:00','2025-08-25 00:00:00','Economics 201',123,'2025-05-06 00:00:00',123,'Joshua Adams','timothyholden@example.com','professor',124,105),(151,36,12,'2025-08-06 00:00:00','2025-08-06 00:00:00',58,'Brett Nixon','alexandra68@example.com','student',1,'Assignment12','2025-08-05 00:00:00','2025-05-05 00:00:00','2025-08-05 00:00:00','2025-08-02 00:00:00','2025-08-17 00:00:00','2025-08-22 00:00:00','2025-08-25 00:00:00','Economics 201',123,'2025-05-06 00:00:00',123,'Joshua Adams','timothyholden@example.com','professor',39,36),(152,94,12,'2025-07-31 00:00:00','2025-08-01 00:00:00',62,'Deborah Odonnell','normapineda@example.org','student',1,'Assignment12','2025-08-05 00:00:00','2025-05-05 00:00:00','2025-08-05 00:00:00','2025-08-02 00:00:00','2025-08-17 00:00:00','2025-08-22 00:00:00','2025-08-25 00:00:00','Economics 201',123,'2025-05-06 00:00:00',123,'Joshua Adams','timothyholden@example.com','professor',218,94),(153,102,12,'2025-08-05 00:00:00','2025-08-05 00:00:00',90,'Matthew Bailey','sfuller@example.org','student',1,'Assignment12','2025-08-05 00:00:00','2025-05-05 00:00:00','2025-08-05 00:00:00','2025-08-02 00:00:00','2025-08-17 00:00:00','2025-08-22 00:00:00','2025-08-25 00:00:00','Economics 201',123,'2025-05-06 00:00:00',123,'Joshua Adams','timothyholden@example.com','professor',205,102),(154,81,12,'2025-08-08 00:00:00','2025-08-09 00:00:00',25,'Sara Chung','llogan@example.net','student',1,'Assignment12','2025-08-05 00:00:00','2025-05-05 00:00:00','2025-08-05 00:00:00','2025-08-02 00:00:00','2025-08-17 00:00:00','2025-08-22 00:00:00','2025-08-25 00:00:00','Economics 201',123,'2025-05-06 00:00:00',123,'Joshua Adams','timothyholden@example.com','professor',223,81),(155,120,12,'2025-07-30 00:00:00','2025-07-31 00:00:00',89,'Laura Lee','kennedyaustin@example.org','student',1,'Assignment12','2025-08-05 00:00:00','2025-05-05 00:00:00','2025-08-05 00:00:00','2025-08-02 00:00:00','2025-08-17 00:00:00','2025-08-22 00:00:00','2025-08-25 00:00:00','Economics 201',123,'2025-05-06 00:00:00',123,'Joshua Adams','timothyholden@example.com','professor',101,120),(156,37,13,'2025-07-25 00:00:00','2025-07-26 00:00:00',92,'Paul Jones','bryanhardin@example.org','student',3,'Assignment13','2025-07-25 00:00:00','2025-05-03 00:00:00','2025-07-25 00:00:00','2025-07-22 00:00:00','2025-08-06 00:00:00','2025-08-10 00:00:00','2025-08-13 00:00:00','Art 201',121,'2025-05-01 00:00:00',121,'Amber Moses','gherrera@example.net','professor',65,37),(157,31,13,'2025-07-31 00:00:00','2025-08-01 00:00:00',0,'Kimberly Singleton','fsanchez@example.org','student',3,'Assignment13','2025-07-25 00:00:00','2025-05-03 00:00:00','2025-07-25 00:00:00','2025-07-22 00:00:00','2025-08-06 00:00:00','2025-08-10 00:00:00','2025-08-13 00:00:00','Art 201',121,'2025-05-01 00:00:00',121,'Amber Moses','gherrera@example.net','professor',179,31),(158,107,13,'2025-07-19 00:00:00','2025-07-19 00:00:00',69,'Mia Boyd','peterwilliams@example.net','student',3,'Assignment13','2025-07-25 00:00:00','2025-05-03 00:00:00','2025-07-25 00:00:00','2025-07-22 00:00:00','2025-08-06 00:00:00','2025-08-10 00:00:00','2025-08-13 00:00:00','Art 201',121,'2025-05-01 00:00:00',121,'Amber Moses','gherrera@example.net','professor',93,107),(159,6,13,'2025-07-28 00:00:00','2025-07-28 00:00:00',77,'Linda Morris','ythompson@example.org','student',3,'Assignment13','2025-07-25 00:00:00','2025-05-03 00:00:00','2025-07-25 00:00:00','2025-07-22 00:00:00','2025-08-06 00:00:00','2025-08-10 00:00:00','2025-08-13 00:00:00','Art 201',121,'2025-05-01 00:00:00',121,'Amber Moses','gherrera@example.net','professor',184,6),(160,41,13,'2025-07-24 00:00:00','2025-07-24 00:00:00',61,'Tina Miller','kfreeman@example.org','student',3,'Assignment13','2025-07-25 00:00:00','2025-05-03 00:00:00','2025-07-25 00:00:00','2025-07-22 00:00:00','2025-08-06 00:00:00','2025-08-10 00:00:00','2025-08-13 00:00:00','Art 201',121,'2025-05-01 00:00:00',121,'Amber Moses','gherrera@example.net','professor',172,41),(161,89,13,'2025-07-21 00:00:00','2025-07-22 00:00:00',41,'Kelly Le','samuel93@example.net','student',3,'Assignment13','2025-07-25 00:00:00','2025-05-03 00:00:00','2025-07-25 00:00:00','2025-07-22 00:00:00','2025-08-06 00:00:00','2025-08-10 00:00:00','2025-08-13 00:00:00','Art 201',121,'2025-05-01 00:00:00',121,'Amber Moses','gherrera@example.net','professor',117,89),(162,25,13,'2025-07-28 00:00:00','2025-07-29 00:00:00',45,'Dustin Lopez','michaelbradshaw@example.org','student',3,'Assignment13','2025-07-25 00:00:00','2025-05-03 00:00:00','2025-07-25 00:00:00','2025-07-22 00:00:00','2025-08-06 00:00:00','2025-08-10 00:00:00','2025-08-13 00:00:00','Art 201',121,'2025-05-01 00:00:00',121,'Amber Moses','gherrera@example.net','professor',135,25),(163,66,13,'2025-07-29 00:00:00','2025-07-30 00:00:00',72,'Jennifer Valdez','hserrano@example.com','student',3,'Assignment13','2025-07-25 00:00:00','2025-05-03 00:00:00','2025-07-25 00:00:00','2025-07-22 00:00:00','2025-08-06 00:00:00','2025-08-10 00:00:00','2025-08-13 00:00:00','Art 201',121,'2025-05-01 00:00:00',121,'Amber Moses','gherrera@example.net','professor',72,66),(164,13,13,'2025-07-19 00:00:00','2025-07-19 00:00:00',82,'James Porter','suzanne52@example.com','student',3,'Assignment13','2025-07-25 00:00:00','2025-05-03 00:00:00','2025-07-25 00:00:00','2025-07-22 00:00:00','2025-08-06 00:00:00','2025-08-10 00:00:00','2025-08-13 00:00:00','Art 201',121,'2025-05-01 00:00:00',121,'Amber Moses','gherrera@example.net','professor',200,13),(165,30,13,'2025-07-27 00:00:00','2025-07-27 00:00:00',54,'Parker Wiley','daniellegutierrez@example.org','student',3,'Assignment13','2025-07-25 00:00:00','2025-05-03 00:00:00','2025-07-25 00:00:00','2025-07-22 00:00:00','2025-08-06 00:00:00','2025-08-10 00:00:00','2025-08-13 00:00:00','Art 201',121,'2025-05-01 00:00:00',121,'Amber Moses','gherrera@example.net','professor',228,30),(166,98,13,'2025-07-31 00:00:00','2025-07-31 00:00:00',0,'Joshua Nguyen','lopezdawn@example.org','student',3,'Assignment13','2025-07-25 00:00:00','2025-05-03 00:00:00','2025-07-25 00:00:00','2025-07-22 00:00:00','2025-08-06 00:00:00','2025-08-10 00:00:00','2025-08-13 00:00:00','Art 201',121,'2025-05-01 00:00:00',121,'Amber Moses','gherrera@example.net','professor',15,98),(167,99,13,'2025-07-23 00:00:00','2025-07-24 00:00:00',90,'Tracy Kramer','ddavis@example.com','student',3,'Assignment13','2025-07-25 00:00:00','2025-05-03 00:00:00','2025-07-25 00:00:00','2025-07-22 00:00:00','2025-08-06 00:00:00','2025-08-10 00:00:00','2025-08-13 00:00:00','Art 201',121,'2025-05-01 00:00:00',121,'Amber Moses','gherrera@example.net','professor',144,99),(168,59,13,'2025-07-27 00:00:00','2025-07-27 00:00:00',63,'Amy Ortiz','ggilbert@example.net','student',3,'Assignment13','2025-07-25 00:00:00','2025-05-03 00:00:00','2025-07-25 00:00:00','2025-07-22 00:00:00','2025-08-06 00:00:00','2025-08-10 00:00:00','2025-08-13 00:00:00','Art 201',121,'2025-05-01 00:00:00',121,'Amber Moses','gherrera@example.net','professor',146,59),(169,14,13,'2025-07-25 00:00:00','2025-07-26 00:00:00',71,'Derek Jones','richardpatterson@example.net','student',3,'Assignment13','2025-07-25 00:00:00','2025-05-03 00:00:00','2025-07-25 00:00:00','2025-07-22 00:00:00','2025-08-06 00:00:00','2025-08-10 00:00:00','2025-08-13 00:00:00','Art 201',121,'2025-05-01 00:00:00',121,'Amber Moses','gherrera@example.net','professor',112,14),(170,109,13,'2025-07-18 00:00:00','2025-07-19 00:00:00',69,'Megan Berry','berryronald@example.org','student',3,'Assignment13','2025-07-25 00:00:00','2025-05-03 00:00:00','2025-07-25 00:00:00','2025-07-22 00:00:00','2025-08-06 00:00:00','2025-08-10 00:00:00','2025-08-13 00:00:00','Art 201',121,'2025-05-01 00:00:00',121,'Amber Moses','gherrera@example.net','professor',28,109),(171,80,13,'2025-07-23 00:00:00','2025-07-24 00:00:00',59,'Michael Hays','kenneth81@example.org','student',3,'Assignment13','2025-07-25 00:00:00','2025-05-03 00:00:00','2025-07-25 00:00:00','2025-07-22 00:00:00','2025-08-06 00:00:00','2025-08-10 00:00:00','2025-08-13 00:00:00','Art 201',121,'2025-05-01 00:00:00',121,'Amber Moses','gherrera@example.net','professor',85,80),(172,96,13,'2025-07-26 00:00:00','2025-07-26 00:00:00',65,'Dr. Shawn Benson','evangarrison@example.com','student',3,'Assignment13','2025-07-25 00:00:00','2025-05-03 00:00:00','2025-07-25 00:00:00','2025-07-22 00:00:00','2025-08-06 00:00:00','2025-08-10 00:00:00','2025-08-13 00:00:00','Art 201',121,'2025-05-01 00:00:00',121,'Amber Moses','gherrera@example.net','professor',110,96),(173,15,13,'2025-07-31 00:00:00','2025-07-31 00:00:00',0,'Jasmine Campbell','chambersdonna@example.net','student',3,'Assignment13','2025-07-25 00:00:00','2025-05-03 00:00:00','2025-07-25 00:00:00','2025-07-22 00:00:00','2025-08-06 00:00:00','2025-08-10 00:00:00','2025-08-13 00:00:00','Art 201',121,'2025-05-01 00:00:00',121,'Amber Moses','gherrera@example.net','professor',78,15),(174,67,13,'2025-07-18 00:00:00','2025-07-19 00:00:00',80,'Donna Pittman','freemandustin@example.net','student',3,'Assignment13','2025-07-25 00:00:00','2025-05-03 00:00:00','2025-07-25 00:00:00','2025-07-22 00:00:00','2025-08-06 00:00:00','2025-08-10 00:00:00','2025-08-13 00:00:00','Art 201',121,'2025-05-01 00:00:00',121,'Amber Moses','gherrera@example.net','professor',21,67),(175,26,13,'2025-07-18 00:00:00','2025-07-19 00:00:00',43,'Anthony Smith','david54@example.org','student',3,'Assignment13','2025-07-25 00:00:00','2025-05-03 00:00:00','2025-07-25 00:00:00','2025-07-22 00:00:00','2025-08-06 00:00:00','2025-08-10 00:00:00','2025-08-13 00:00:00','Art 201',121,'2025-05-01 00:00:00',121,'Amber Moses','gherrera@example.net','professor',83,26),(176,55,14,'2025-08-03 00:00:00','2025-08-04 00:00:00',73,'Geoffrey Rogers','victoriamcdaniel@example.net','student',13,'Assignment14','2025-07-31 00:00:00','2025-05-09 00:00:00','2025-07-31 00:00:00','2025-07-28 00:00:00','2025-08-17 00:00:00','2025-08-14 00:00:00','2025-08-18 00:00:00','Intro to Physics',131,'2025-05-01 00:00:00',131,'Rebecca Stokes','david35@example.com','professor',181,55),(177,44,14,'2025-07-29 00:00:00','2025-07-29 00:00:00',95,'Brian Andrews','alexandervalentine@example.com','student',13,'Assignment14','2025-07-31 00:00:00','2025-05-09 00:00:00','2025-07-31 00:00:00','2025-07-28 00:00:00','2025-08-17 00:00:00','2025-08-14 00:00:00','2025-08-18 00:00:00','Intro to Physics',131,'2025-05-01 00:00:00',131,'Rebecca Stokes','david35@example.com','professor',131,44),(178,48,14,'2025-08-06 00:00:00','2025-08-06 00:00:00',0,'Keith Simmons','tuckerjacqueline@example.org','student',13,'Assignment14','2025-07-31 00:00:00','2025-05-09 00:00:00','2025-07-31 00:00:00','2025-07-28 00:00:00','2025-08-17 00:00:00','2025-08-14 00:00:00','2025-08-18 00:00:00','Intro to Physics',131,'2025-05-01 00:00:00',131,'Rebecca Stokes','david35@example.com','professor',36,48),(179,108,14,'2025-08-02 00:00:00','2025-08-03 00:00:00',58,'Emily Smith','nathanielblair@example.com','student',13,'Assignment14','2025-07-31 00:00:00','2025-05-09 00:00:00','2025-07-31 00:00:00','2025-07-28 00:00:00','2025-08-17 00:00:00','2025-08-14 00:00:00','2025-08-18 00:00:00','Intro to Physics',131,'2025-05-01 00:00:00',131,'Rebecca Stokes','david35@example.com','professor',43,108),(180,87,14,'2025-07-29 00:00:00','2025-07-30 00:00:00',97,'Benjamin Dennis','hernandezdavid@example.org','student',13,'Assignment14','2025-07-31 00:00:00','2025-05-09 00:00:00','2025-07-31 00:00:00','2025-07-28 00:00:00','2025-08-17 00:00:00','2025-08-14 00:00:00','2025-08-18 00:00:00','Intro to Physics',131,'2025-05-01 00:00:00',131,'Rebecca Stokes','david35@example.com','professor',84,87),(181,117,14,'2025-08-02 00:00:00','2025-08-02 00:00:00',63,'James Turner MD','carolyn06@example.com','student',13,'Assignment14','2025-07-31 00:00:00','2025-05-09 00:00:00','2025-07-31 00:00:00','2025-07-28 00:00:00','2025-08-17 00:00:00','2025-08-14 00:00:00','2025-08-18 00:00:00','Intro to Physics',131,'2025-05-01 00:00:00',131,'Rebecca Stokes','david35@example.com','professor',30,117),(182,52,14,'2025-07-27 00:00:00','2025-07-28 00:00:00',41,'Mitchell Mejia','kimberlyfoster@example.org','student',13,'Assignment14','2025-07-31 00:00:00','2025-05-09 00:00:00','2025-07-31 00:00:00','2025-07-28 00:00:00','2025-08-17 00:00:00','2025-08-14 00:00:00','2025-08-18 00:00:00','Intro to Physics',131,'2025-05-01 00:00:00',131,'Rebecca Stokes','david35@example.com','professor',152,52),(183,35,14,'2025-07-25 00:00:00','2025-07-26 00:00:00',92,'Kathy Martinez','tyler78@example.org','student',13,'Assignment14','2025-07-31 00:00:00','2025-05-09 00:00:00','2025-07-31 00:00:00','2025-07-28 00:00:00','2025-08-17 00:00:00','2025-08-14 00:00:00','2025-08-18 00:00:00','Intro to Physics',131,'2025-05-01 00:00:00',131,'Rebecca Stokes','david35@example.com','professor',111,35),(184,19,14,'2025-07-30 00:00:00','2025-07-30 00:00:00',45,'Regina Evans','robert79@example.net','student',13,'Assignment14','2025-07-31 00:00:00','2025-05-09 00:00:00','2025-07-31 00:00:00','2025-07-28 00:00:00','2025-08-17 00:00:00','2025-08-14 00:00:00','2025-08-18 00:00:00','Intro to Physics',131,'2025-05-01 00:00:00',131,'Rebecca Stokes','david35@example.com','professor',195,19),(185,69,14,'2025-07-24 00:00:00','2025-07-24 00:00:00',75,'Aaron Daniels','wardchristopher@example.org','student',13,'Assignment14','2025-07-31 00:00:00','2025-05-09 00:00:00','2025-07-31 00:00:00','2025-07-28 00:00:00','2025-08-17 00:00:00','2025-08-14 00:00:00','2025-08-18 00:00:00','Intro to Physics',131,'2025-05-01 00:00:00',131,'Rebecca Stokes','david35@example.com','professor',202,69),(186,41,14,'2025-08-04 00:00:00','2025-08-04 00:00:00',73,'Tina Miller','kfreeman@example.org','student',13,'Assignment14','2025-07-31 00:00:00','2025-05-09 00:00:00','2025-07-31 00:00:00','2025-07-28 00:00:00','2025-08-17 00:00:00','2025-08-14 00:00:00','2025-08-18 00:00:00','Intro to Physics',131,'2025-05-01 00:00:00',131,'Rebecca Stokes','david35@example.com','professor',173,41),(187,92,14,'2025-07-25 00:00:00','2025-07-25 00:00:00',43,'Jake Fisher','kbarker@example.org','student',13,'Assignment14','2025-07-31 00:00:00','2025-05-09 00:00:00','2025-07-31 00:00:00','2025-07-28 00:00:00','2025-08-17 00:00:00','2025-08-14 00:00:00','2025-08-18 00:00:00','Intro to Physics',131,'2025-05-01 00:00:00',131,'Rebecca Stokes','david35@example.com','professor',56,92),(188,115,14,'2025-07-28 00:00:00','2025-07-28 00:00:00',47,'Heather Dunn','johnsonalison@example.net','student',13,'Assignment14','2025-07-31 00:00:00','2025-05-09 00:00:00','2025-07-31 00:00:00','2025-07-28 00:00:00','2025-08-17 00:00:00','2025-08-14 00:00:00','2025-08-18 00:00:00','Intro to Physics',131,'2025-05-01 00:00:00',131,'Rebecca Stokes','david35@example.com','professor',105,115),(189,97,15,'2025-08-04 00:00:00','2025-08-04 00:00:00',80,'Kayla Jones','mikemclean@example.net','student',6,'Assignment15','2025-08-08 00:00:00','2025-05-06 00:00:00','2025-08-08 00:00:00','2025-08-05 00:00:00','2025-08-25 00:00:00','2025-08-24 00:00:00','2025-08-26 00:00:00','Foundations of Chemistry',126,'2025-05-09 00:00:00',126,'Nicholas Joyce','acevedoconnie@example.org','professor',129,97),(190,66,15,'2025-08-08 00:00:00','2025-08-08 00:00:00',55,'Jennifer Valdez','hserrano@example.com','student',6,'Assignment15','2025-08-08 00:00:00','2025-05-06 00:00:00','2025-08-08 00:00:00','2025-08-05 00:00:00','2025-08-25 00:00:00','2025-08-24 00:00:00','2025-08-26 00:00:00','Foundations of Chemistry',126,'2025-05-09 00:00:00',126,'Nicholas Joyce','acevedoconnie@example.org','professor',74,66),(191,23,15,'2025-08-04 00:00:00','2025-08-04 00:00:00',98,'Lisa Lopez','shannonhoward@example.org','student',6,'Assignment15','2025-08-08 00:00:00','2025-05-06 00:00:00','2025-08-08 00:00:00','2025-08-05 00:00:00','2025-08-25 00:00:00','2025-08-24 00:00:00','2025-08-26 00:00:00','Foundations of Chemistry',126,'2025-05-09 00:00:00',126,'Nicholas Joyce','acevedoconnie@example.org','professor',34,23),(192,82,15,'2025-08-05 00:00:00','2025-08-05 00:00:00',86,'Natalie Henderson','fharris@example.net','student',6,'Assignment15','2025-08-08 00:00:00','2025-05-06 00:00:00','2025-08-08 00:00:00','2025-08-05 00:00:00','2025-08-25 00:00:00','2025-08-24 00:00:00','2025-08-26 00:00:00','Foundations of Chemistry',126,'2025-05-09 00:00:00',126,'Nicholas Joyce','acevedoconnie@example.org','professor',187,82),(193,56,15,'2025-08-07 00:00:00','2025-08-07 00:00:00',56,'Karen Daniels','gabrieljohnson@example.net','student',6,'Assignment15','2025-08-08 00:00:00','2025-05-06 00:00:00','2025-08-08 00:00:00','2025-08-05 00:00:00','2025-08-25 00:00:00','2025-08-24 00:00:00','2025-08-26 00:00:00','Foundations of Chemistry',126,'2025-05-09 00:00:00',126,'Nicholas Joyce','acevedoconnie@example.org','professor',97,56),(194,71,15,'2025-08-03 00:00:00','2025-08-03 00:00:00',54,'Laurie Hodge','kristinbaker@example.org','student',6,'Assignment15','2025-08-08 00:00:00','2025-05-06 00:00:00','2025-08-08 00:00:00','2025-08-05 00:00:00','2025-08-25 00:00:00','2025-08-24 00:00:00','2025-08-26 00:00:00','Foundations of Chemistry',126,'2025-05-09 00:00:00',126,'Nicholas Joyce','acevedoconnie@example.org','professor',140,71),(195,72,15,'2025-08-11 00:00:00','2025-08-12 00:00:00',59,'Ashley Collins','gregory56@example.com','student',6,'Assignment15','2025-08-08 00:00:00','2025-05-06 00:00:00','2025-08-08 00:00:00','2025-08-05 00:00:00','2025-08-25 00:00:00','2025-08-24 00:00:00','2025-08-26 00:00:00','Foundations of Chemistry',126,'2025-05-09 00:00:00',126,'Nicholas Joyce','acevedoconnie@example.org','professor',224,72),(196,117,15,'2025-08-07 00:00:00','2025-08-07 00:00:00',56,'James Turner MD','carolyn06@example.com','student',6,'Assignment15','2025-08-08 00:00:00','2025-05-06 00:00:00','2025-08-08 00:00:00','2025-08-05 00:00:00','2025-08-25 00:00:00','2025-08-24 00:00:00','2025-08-26 00:00:00','Foundations of Chemistry',126,'2025-05-09 00:00:00',126,'Nicholas Joyce','acevedoconnie@example.org','professor',29,117),(197,114,15,'2025-08-05 00:00:00','2025-08-06 00:00:00',87,'Dennis Richards','christopherwhite@example.org','student',6,'Assignment15','2025-08-08 00:00:00','2025-05-06 00:00:00','2025-08-08 00:00:00','2025-08-05 00:00:00','2025-08-25 00:00:00','2025-08-24 00:00:00','2025-08-26 00:00:00','Foundations of Chemistry',126,'2025-05-09 00:00:00',126,'Nicholas Joyce','acevedoconnie@example.org','professor',54,114),(198,118,15,'2025-08-10 00:00:00','2025-08-11 00:00:00',84,'Matthew Smith','lisa05@example.com','student',6,'Assignment15','2025-08-08 00:00:00','2025-05-06 00:00:00','2025-08-08 00:00:00','2025-08-05 00:00:00','2025-08-25 00:00:00','2025-08-24 00:00:00','2025-08-26 00:00:00','Foundations of Chemistry',126,'2025-05-09 00:00:00',126,'Nicholas Joyce','acevedoconnie@example.org','professor',137,118),(199,92,15,'2025-08-12 00:00:00','2025-08-12 00:00:00',61,'Jake Fisher','kbarker@example.org','student',6,'Assignment15','2025-08-08 00:00:00','2025-05-06 00:00:00','2025-08-08 00:00:00','2025-08-05 00:00:00','2025-08-25 00:00:00','2025-08-24 00:00:00','2025-08-26 00:00:00','Foundations of Chemistry',126,'2025-05-09 00:00:00',126,'Nicholas Joyce','acevedoconnie@example.org','professor',57,92),(200,95,16,'2025-08-09 00:00:00','2025-08-09 00:00:00',53,'Jeremy Johnson','heather06@example.com','student',1,'Assignment16','2025-08-04 00:00:00','2025-05-08 00:00:00','2025-08-04 00:00:00','2025-08-01 00:00:00','2025-08-16 00:00:00','2025-08-23 00:00:00','2025-08-28 00:00:00','Economics 201',123,'2025-05-06 00:00:00',123,'Joshua Adams','timothyholden@example.com','professor',220,95),(201,67,16,'2025-07-29 00:00:00','2025-07-29 00:00:00',81,'Donna Pittman','freemandustin@example.net','student',1,'Assignment16','2025-08-04 00:00:00','2025-05-08 00:00:00','2025-08-04 00:00:00','2025-08-01 00:00:00','2025-08-16 00:00:00','2025-08-23 00:00:00','2025-08-28 00:00:00','Economics 201',123,'2025-05-06 00:00:00',123,'Joshua Adams','timothyholden@example.com','professor',20,67),(202,81,16,'2025-08-06 00:00:00','2025-08-07 00:00:00',48,'Sara Chung','llogan@example.net','student',1,'Assignment16','2025-08-04 00:00:00','2025-05-08 00:00:00','2025-08-04 00:00:00','2025-08-01 00:00:00','2025-08-16 00:00:00','2025-08-23 00:00:00','2025-08-28 00:00:00','Economics 201',123,'2025-05-06 00:00:00',123,'Joshua Adams','timothyholden@example.com','professor',223,81),(203,94,16,'2025-07-30 00:00:00','2025-07-31 00:00:00',60,'Deborah Odonnell','normapineda@example.org','student',1,'Assignment16','2025-08-04 00:00:00','2025-05-08 00:00:00','2025-08-04 00:00:00','2025-08-01 00:00:00','2025-08-16 00:00:00','2025-08-23 00:00:00','2025-08-28 00:00:00','Economics 201',123,'2025-05-06 00:00:00',123,'Joshua Adams','timothyholden@example.com','professor',218,94),(204,105,16,'2025-08-04 00:00:00','2025-08-04 00:00:00',58,'Amanda Castillo','carrilloamanda@example.org','student',1,'Assignment16','2025-08-04 00:00:00','2025-05-08 00:00:00','2025-08-04 00:00:00','2025-08-01 00:00:00','2025-08-16 00:00:00','2025-08-23 00:00:00','2025-08-28 00:00:00','Economics 201',123,'2025-05-06 00:00:00',123,'Joshua Adams','timothyholden@example.com','professor',124,105),(205,102,16,'2025-08-05 00:00:00','2025-08-05 00:00:00',70,'Matthew Bailey','sfuller@example.org','student',1,'Assignment16','2025-08-04 00:00:00','2025-05-08 00:00:00','2025-08-04 00:00:00','2025-08-01 00:00:00','2025-08-16 00:00:00','2025-08-23 00:00:00','2025-08-28 00:00:00','Economics 201',123,'2025-05-06 00:00:00',123,'Joshua Adams','timothyholden@example.com','professor',205,102),(206,99,16,'2025-08-09 00:00:00','2025-08-10 00:00:00',26,'Tracy Kramer','ddavis@example.com','student',1,'Assignment16','2025-08-04 00:00:00','2025-05-08 00:00:00','2025-08-04 00:00:00','2025-08-01 00:00:00','2025-08-16 00:00:00','2025-08-23 00:00:00','2025-08-28 00:00:00','Economics 201',123,'2025-05-06 00:00:00',123,'Joshua Adams','timothyholden@example.com','professor',145,99),(207,39,16,'2025-07-29 00:00:00','2025-07-30 00:00:00',77,'Jesse French','georgemichael@example.com','student',1,'Assignment16','2025-08-04 00:00:00','2025-05-08 00:00:00','2025-08-04 00:00:00','2025-08-01 00:00:00','2025-08-16 00:00:00','2025-08-23 00:00:00','2025-08-28 00:00:00','Economics 201',123,'2025-05-06 00:00:00',123,'Joshua Adams','timothyholden@example.com','professor',96,39),(208,84,16,'2025-08-09 00:00:00','2025-08-09 00:00:00',33,'Martin Nichols','wmartin@example.com','student',1,'Assignment16','2025-08-04 00:00:00','2025-05-08 00:00:00','2025-08-04 00:00:00','2025-08-01 00:00:00','2025-08-16 00:00:00','2025-08-23 00:00:00','2025-08-28 00:00:00','Economics 201',123,'2025-05-06 00:00:00',123,'Joshua Adams','timothyholden@example.com','professor',211,84),(209,10,16,'2025-08-02 00:00:00','2025-08-02 00:00:00',84,'Shane Johnson DVM','charlestaylor@example.org','student',1,'Assignment16','2025-08-04 00:00:00','2025-05-08 00:00:00','2025-08-04 00:00:00','2025-08-01 00:00:00','2025-08-16 00:00:00','2025-08-23 00:00:00','2025-08-28 00:00:00','Economics 201',123,'2025-05-06 00:00:00',123,'Joshua Adams','timothyholden@example.com','professor',127,10),(210,64,16,'2025-08-10 00:00:00','2025-08-11 00:00:00',0,'Howard Knight','alexishernandez@example.net','student',1,'Assignment16','2025-08-04 00:00:00','2025-05-08 00:00:00','2025-08-04 00:00:00','2025-08-01 00:00:00','2025-08-16 00:00:00','2025-08-23 00:00:00','2025-08-28 00:00:00','Economics 201',123,'2025-05-06 00:00:00',123,'Joshua Adams','timothyholden@example.com','professor',160,64),(211,120,16,'2025-07-30 00:00:00','2025-07-31 00:00:00',54,'Laura Lee','kennedyaustin@example.org','student',1,'Assignment16','2025-08-04 00:00:00','2025-05-08 00:00:00','2025-08-04 00:00:00','2025-08-01 00:00:00','2025-08-16 00:00:00','2025-08-23 00:00:00','2025-08-28 00:00:00','Economics 201',123,'2025-05-06 00:00:00',123,'Joshua Adams','timothyholden@example.com','professor',101,120),(212,8,16,'2025-08-02 00:00:00','2025-08-03 00:00:00',96,'Brian Yang','kbrown@example.com','student',1,'Assignment16','2025-08-04 00:00:00','2025-05-08 00:00:00','2025-08-04 00:00:00','2025-08-01 00:00:00','2025-08-16 00:00:00','2025-08-23 00:00:00','2025-08-28 00:00:00','Economics 201',123,'2025-05-06 00:00:00',123,'Joshua Adams','timothyholden@example.com','professor',99,8),(213,48,16,'2025-08-01 00:00:00','2025-08-02 00:00:00',79,'Keith Simmons','tuckerjacqueline@example.org','student',1,'Assignment16','2025-08-04 00:00:00','2025-05-08 00:00:00','2025-08-04 00:00:00','2025-08-01 00:00:00','2025-08-16 00:00:00','2025-08-23 00:00:00','2025-08-28 00:00:00','Economics 201',123,'2025-05-06 00:00:00',123,'Joshua Adams','timothyholden@example.com','professor',37,48),(214,62,16,'2025-08-10 00:00:00','2025-08-11 00:00:00',0,'Sonya Mcgee','edwardwalter@example.org','student',1,'Assignment16','2025-08-04 00:00:00','2025-05-08 00:00:00','2025-08-04 00:00:00','2025-08-01 00:00:00','2025-08-16 00:00:00','2025-08-23 00:00:00','2025-08-28 00:00:00','Economics 201',123,'2025-05-06 00:00:00',123,'Joshua Adams','timothyholden@example.com','professor',106,62),(215,15,16,'2025-08-10 00:00:00','2025-08-10 00:00:00',0,'Jasmine Campbell','chambersdonna@example.net','student',1,'Assignment16','2025-08-04 00:00:00','2025-05-08 00:00:00','2025-08-04 00:00:00','2025-08-01 00:00:00','2025-08-16 00:00:00','2025-08-23 00:00:00','2025-08-28 00:00:00','Economics 201',123,'2025-05-06 00:00:00',123,'Joshua Adams','timothyholden@example.com','professor',77,15),(216,16,16,'2025-07-29 00:00:00','2025-07-30 00:00:00',46,'Jason Roberson','carolynsloan@example.org','student',1,'Assignment16','2025-08-04 00:00:00','2025-05-08 00:00:00','2025-08-04 00:00:00','2025-08-01 00:00:00','2025-08-16 00:00:00','2025-08-23 00:00:00','2025-08-28 00:00:00','Economics 201',123,'2025-05-06 00:00:00',123,'Joshua Adams','timothyholden@example.com','professor',5,16),(217,30,16,'2025-07-28 00:00:00','2025-07-28 00:00:00',41,'Parker Wiley','daniellegutierrez@example.org','student',1,'Assignment16','2025-08-04 00:00:00','2025-05-08 00:00:00','2025-08-04 00:00:00','2025-08-01 00:00:00','2025-08-16 00:00:00','2025-08-23 00:00:00','2025-08-28 00:00:00','Economics 201',123,'2025-05-06 00:00:00',123,'Joshua Adams','timothyholden@example.com','professor',227,30),(218,114,16,'2025-07-28 00:00:00','2025-07-29 00:00:00',95,'Dennis Richards','christopherwhite@example.org','student',1,'Assignment16','2025-08-04 00:00:00','2025-05-08 00:00:00','2025-08-04 00:00:00','2025-08-01 00:00:00','2025-08-16 00:00:00','2025-08-23 00:00:00','2025-08-28 00:00:00','Economics 201',123,'2025-05-06 00:00:00',123,'Joshua Adams','timothyholden@example.com','professor',53,114),(219,43,16,'2025-07-29 00:00:00','2025-07-29 00:00:00',57,'Jessica Hood','dawsonkimberly@example.org','student',1,'Assignment16','2025-08-04 00:00:00','2025-05-08 00:00:00','2025-08-04 00:00:00','2025-08-01 00:00:00','2025-08-16 00:00:00','2025-08-23 00:00:00','2025-08-28 00:00:00','Economics 201',123,'2025-05-06 00:00:00',123,'Joshua Adams','timothyholden@example.com','professor',197,43),(220,36,16,'2025-07-28 00:00:00','2025-07-29 00:00:00',76,'Brett Nixon','alexandra68@example.com','student',1,'Assignment16','2025-08-04 00:00:00','2025-05-08 00:00:00','2025-08-04 00:00:00','2025-08-01 00:00:00','2025-08-16 00:00:00','2025-08-23 00:00:00','2025-08-28 00:00:00','Economics 201',123,'2025-05-06 00:00:00',123,'Joshua Adams','timothyholden@example.com','professor',39,36),(221,49,17,'2025-07-20 00:00:00','2025-07-21 00:00:00',79,'Jeffrey Figueroa','itodd@example.org','student',2,'Assignment17','2025-07-25 00:00:00','2025-05-01 00:00:00','2025-07-25 00:00:00','2025-07-22 00:00:00','2025-08-11 00:00:00','2025-08-13 00:00:00','2025-08-15 00:00:00','Intro to Math',132,'2025-05-05 00:00:00',132,'Kyle Francis','mgreer@example.net','professor',141,49),(222,42,17,'2025-07-26 00:00:00','2025-07-26 00:00:00',60,'Jessica Jennings','jenkinssandra@example.com','student',2,'Assignment17','2025-07-25 00:00:00','2025-05-01 00:00:00','2025-07-25 00:00:00','2025-07-22 00:00:00','2025-08-11 00:00:00','2025-08-13 00:00:00','2025-08-15 00:00:00','Intro to Math',132,'2025-05-05 00:00:00',132,'Kyle Francis','mgreer@example.net','professor',10,42),(223,6,17,'2025-07-30 00:00:00','2025-07-30 00:00:00',29,'Linda Morris','ythompson@example.org','student',2,'Assignment17','2025-07-25 00:00:00','2025-05-01 00:00:00','2025-07-25 00:00:00','2025-07-22 00:00:00','2025-08-11 00:00:00','2025-08-13 00:00:00','2025-08-15 00:00:00','Intro to Math',132,'2025-05-05 00:00:00',132,'Kyle Francis','mgreer@example.net','professor',185,6),(224,99,17,'2025-07-23 00:00:00','2025-07-24 00:00:00',67,'Tracy Kramer','ddavis@example.com','student',2,'Assignment17','2025-07-25 00:00:00','2025-05-01 00:00:00','2025-07-25 00:00:00','2025-07-22 00:00:00','2025-08-11 00:00:00','2025-08-13 00:00:00','2025-08-15 00:00:00','Intro to Math',132,'2025-05-05 00:00:00',132,'Kyle Francis','mgreer@example.net','professor',143,99),(225,40,17,'2025-07-31 00:00:00','2025-07-31 00:00:00',0,'Paula Mcclain','erin00@example.com','student',2,'Assignment17','2025-07-25 00:00:00','2025-05-01 00:00:00','2025-07-25 00:00:00','2025-07-22 00:00:00','2025-08-11 00:00:00','2025-08-13 00:00:00','2025-08-15 00:00:00','Intro to Math',132,'2025-05-05 00:00:00',132,'Kyle Francis','mgreer@example.net','professor',217,40),(226,111,17,'2025-07-18 00:00:00','2025-07-19 00:00:00',85,'Amber Williams','brendan56@example.com','student',2,'Assignment17','2025-07-25 00:00:00','2025-05-01 00:00:00','2025-07-25 00:00:00','2025-07-22 00:00:00','2025-08-11 00:00:00','2025-08-13 00:00:00','2025-08-15 00:00:00','Intro to Math',132,'2025-05-05 00:00:00',132,'Kyle Francis','mgreer@example.net','professor',207,111),(227,98,17,'2025-07-18 00:00:00','2025-07-19 00:00:00',65,'Joshua Nguyen','lopezdawn@example.org','student',2,'Assignment17','2025-07-25 00:00:00','2025-05-01 00:00:00','2025-07-25 00:00:00','2025-07-22 00:00:00','2025-08-11 00:00:00','2025-08-13 00:00:00','2025-08-15 00:00:00','Intro to Math',132,'2025-05-05 00:00:00',132,'Kyle Francis','mgreer@example.net','professor',16,98),(228,82,17,'2025-07-25 00:00:00','2025-07-26 00:00:00',82,'Natalie Henderson','fharris@example.net','student',2,'Assignment17','2025-07-25 00:00:00','2025-05-01 00:00:00','2025-07-25 00:00:00','2025-07-22 00:00:00','2025-08-11 00:00:00','2025-08-13 00:00:00','2025-08-15 00:00:00','Intro to Math',132,'2025-05-05 00:00:00',132,'Kyle Francis','mgreer@example.net','professor',188,82),(229,75,17,'2025-07-31 00:00:00','2025-08-01 00:00:00',0,'Deborah Vasquez','gina31@example.com','student',2,'Assignment17','2025-07-25 00:00:00','2025-05-01 00:00:00','2025-07-25 00:00:00','2025-07-22 00:00:00','2025-08-11 00:00:00','2025-08-13 00:00:00','2025-08-15 00:00:00','Intro to Math',132,'2025-05-05 00:00:00',132,'Kyle Francis','mgreer@example.net','professor',70,75),(230,108,18,'2025-08-10 00:00:00','2025-08-10 00:00:00',38,'Emily Smith','nathanielblair@example.com','student',12,'Assignment18','2025-08-05 00:00:00','2025-05-10 00:00:00','2025-08-05 00:00:00','2025-08-02 00:00:00','2025-08-19 00:00:00','2025-08-20 00:00:00','2025-08-24 00:00:00','Chemistry 101',131,'2025-05-09 00:00:00',131,'Rebecca Stokes','david35@example.com','professor',42,108),(231,56,18,'2025-07-30 00:00:00','2025-07-30 00:00:00',60,'Karen Daniels','gabrieljohnson@example.net','student',12,'Assignment18','2025-08-05 00:00:00','2025-05-10 00:00:00','2025-08-05 00:00:00','2025-08-02 00:00:00','2025-08-19 00:00:00','2025-08-20 00:00:00','2025-08-24 00:00:00','Chemistry 101',131,'2025-05-09 00:00:00',131,'Rebecca Stokes','david35@example.com','professor',98,56),(232,105,18,'2025-08-11 00:00:00','2025-08-12 00:00:00',0,'Amanda Castillo','carrilloamanda@example.org','student',12,'Assignment18','2025-08-05 00:00:00','2025-05-10 00:00:00','2025-08-05 00:00:00','2025-08-02 00:00:00','2025-08-19 00:00:00','2025-08-20 00:00:00','2025-08-24 00:00:00','Chemistry 101',131,'2025-05-09 00:00:00',131,'Rebecca Stokes','david35@example.com','professor',125,105),(233,83,18,'2025-08-10 00:00:00','2025-08-11 00:00:00',69,'Lisa Burns','lauravance@example.com','student',12,'Assignment18','2025-08-05 00:00:00','2025-05-10 00:00:00','2025-08-05 00:00:00','2025-08-02 00:00:00','2025-08-19 00:00:00','2025-08-20 00:00:00','2025-08-24 00:00:00','Chemistry 101',131,'2025-05-09 00:00:00',131,'Rebecca Stokes','david35@example.com','professor',167,83),(234,119,18,'2025-08-01 00:00:00','2025-08-02 00:00:00',68,'Julie Jackson','aimee92@example.net','student',12,'Assignment18','2025-08-05 00:00:00','2025-05-10 00:00:00','2025-08-05 00:00:00','2025-08-02 00:00:00','2025-08-19 00:00:00','2025-08-20 00:00:00','2025-08-24 00:00:00','Chemistry 101',131,'2025-05-09 00:00:00',131,'Rebecca Stokes','david35@example.com','professor',8,119),(235,36,18,'2025-08-10 00:00:00','2025-08-10 00:00:00',57,'Brett Nixon','alexandra68@example.com','student',12,'Assignment18','2025-08-05 00:00:00','2025-05-10 00:00:00','2025-08-05 00:00:00','2025-08-02 00:00:00','2025-08-19 00:00:00','2025-08-20 00:00:00','2025-08-24 00:00:00','Chemistry 101',131,'2025-05-09 00:00:00',131,'Rebecca Stokes','david35@example.com','professor',38,36),(236,24,18,'2025-08-09 00:00:00','2025-08-10 00:00:00',34,'Gloria Ryan','whendrix@example.com','student',12,'Assignment18','2025-08-05 00:00:00','2025-05-10 00:00:00','2025-08-05 00:00:00','2025-08-02 00:00:00','2025-08-19 00:00:00','2025-08-20 00:00:00','2025-08-24 00:00:00','Chemistry 101',131,'2025-05-09 00:00:00',131,'Rebecca Stokes','david35@example.com','professor',23,24),(237,66,18,'2025-08-11 00:00:00','2025-08-12 00:00:00',0,'Jennifer Valdez','hserrano@example.com','student',12,'Assignment18','2025-08-05 00:00:00','2025-05-10 00:00:00','2025-08-05 00:00:00','2025-08-02 00:00:00','2025-08-19 00:00:00','2025-08-20 00:00:00','2025-08-24 00:00:00','Chemistry 101',131,'2025-05-09 00:00:00',131,'Rebecca Stokes','david35@example.com','professor',73,66),(238,55,18,'2025-08-06 00:00:00','2025-08-07 00:00:00',90,'Geoffrey Rogers','victoriamcdaniel@example.net','student',12,'Assignment18','2025-08-05 00:00:00','2025-05-10 00:00:00','2025-08-05 00:00:00','2025-08-02 00:00:00','2025-08-19 00:00:00','2025-08-20 00:00:00','2025-08-24 00:00:00','Chemistry 101',131,'2025-05-09 00:00:00',131,'Rebecca Stokes','david35@example.com','professor',182,55),(239,38,18,'2025-08-09 00:00:00','2025-08-09 00:00:00',61,'Jennifer Powell','valerie31@example.org','student',12,'Assignment18','2025-08-05 00:00:00','2025-05-10 00:00:00','2025-08-05 00:00:00','2025-08-02 00:00:00','2025-08-19 00:00:00','2025-08-20 00:00:00','2025-08-24 00:00:00','Chemistry 101',131,'2025-05-09 00:00:00',131,'Rebecca Stokes','david35@example.com','professor',60,38),(240,89,18,'2025-08-09 00:00:00','2025-08-10 00:00:00',79,'Kelly Le','samuel93@example.net','student',12,'Assignment18','2025-08-05 00:00:00','2025-05-10 00:00:00','2025-08-05 00:00:00','2025-08-02 00:00:00','2025-08-19 00:00:00','2025-08-20 00:00:00','2025-08-24 00:00:00','Chemistry 101',131,'2025-05-09 00:00:00',131,'Rebecca Stokes','david35@example.com','professor',118,89),(241,7,18,'2025-08-08 00:00:00','2025-08-09 00:00:00',40,'Scott Warren','jenniferdunn@example.org','student',12,'Assignment18','2025-08-05 00:00:00','2025-05-10 00:00:00','2025-08-05 00:00:00','2025-08-02 00:00:00','2025-08-19 00:00:00','2025-08-20 00:00:00','2025-08-24 00:00:00','Chemistry 101',131,'2025-05-09 00:00:00',131,'Rebecca Stokes','david35@example.com','professor',25,7),(242,15,19,'2025-07-27 00:00:00','2025-07-27 00:00:00',33,'Jasmine Campbell','chambersdonna@example.net','student',1,'Assignment19','2025-07-24 00:00:00','2025-05-10 00:00:00','2025-07-24 00:00:00','2025-07-21 00:00:00','2025-08-07 00:00:00','2025-08-09 00:00:00','2025-08-11 00:00:00','Economics 201',123,'2025-05-06 00:00:00',123,'Joshua Adams','timothyholden@example.com','professor',77,15),(243,36,19,'2025-07-18 00:00:00','2025-07-19 00:00:00',97,'Brett Nixon','alexandra68@example.com','student',1,'Assignment19','2025-07-24 00:00:00','2025-05-10 00:00:00','2025-07-24 00:00:00','2025-07-21 00:00:00','2025-08-07 00:00:00','2025-08-09 00:00:00','2025-08-11 00:00:00','Economics 201',123,'2025-05-06 00:00:00',123,'Joshua Adams','timothyholden@example.com','professor',39,36),(244,16,19,'2025-07-27 00:00:00','2025-07-27 00:00:00',74,'Jason Roberson','carolynsloan@example.org','student',1,'Assignment19','2025-07-24 00:00:00','2025-05-10 00:00:00','2025-07-24 00:00:00','2025-07-21 00:00:00','2025-08-07 00:00:00','2025-08-09 00:00:00','2025-08-11 00:00:00','Economics 201',123,'2025-05-06 00:00:00',123,'Joshua Adams','timothyholden@example.com','professor',5,16),(245,30,19,'2025-07-17 00:00:00','2025-07-18 00:00:00',66,'Parker Wiley','daniellegutierrez@example.org','student',1,'Assignment19','2025-07-24 00:00:00','2025-05-10 00:00:00','2025-07-24 00:00:00','2025-07-21 00:00:00','2025-08-07 00:00:00','2025-08-09 00:00:00','2025-08-11 00:00:00','Economics 201',123,'2025-05-06 00:00:00',123,'Joshua Adams','timothyholden@example.com','professor',227,30),(246,84,19,'2025-07-20 00:00:00','2025-07-20 00:00:00',80,'Martin Nichols','wmartin@example.com','student',1,'Assignment19','2025-07-24 00:00:00','2025-05-10 00:00:00','2025-07-24 00:00:00','2025-07-21 00:00:00','2025-08-07 00:00:00','2025-08-09 00:00:00','2025-08-11 00:00:00','Economics 201',123,'2025-05-06 00:00:00',123,'Joshua Adams','timothyholden@example.com','professor',211,84),(247,120,19,'2025-07-24 00:00:00','2025-07-24 00:00:00',98,'Laura Lee','kennedyaustin@example.org','student',1,'Assignment19','2025-07-24 00:00:00','2025-05-10 00:00:00','2025-07-24 00:00:00','2025-07-21 00:00:00','2025-08-07 00:00:00','2025-08-09 00:00:00','2025-08-11 00:00:00','Economics 201',123,'2025-05-06 00:00:00',123,'Joshua Adams','timothyholden@example.com','professor',101,120),(248,64,19,'2025-07-24 00:00:00','2025-07-24 00:00:00',44,'Howard Knight','alexishernandez@example.net','student',1,'Assignment19','2025-07-24 00:00:00','2025-05-10 00:00:00','2025-07-24 00:00:00','2025-07-21 00:00:00','2025-08-07 00:00:00','2025-08-09 00:00:00','2025-08-11 00:00:00','Economics 201',123,'2025-05-06 00:00:00',123,'Joshua Adams','timothyholden@example.com','professor',160,64),(249,94,19,'2025-07-22 00:00:00','2025-07-23 00:00:00',61,'Deborah Odonnell','normapineda@example.org','student',1,'Assignment19','2025-07-24 00:00:00','2025-05-10 00:00:00','2025-07-24 00:00:00','2025-07-21 00:00:00','2025-08-07 00:00:00','2025-08-09 00:00:00','2025-08-11 00:00:00','Economics 201',123,'2025-05-06 00:00:00',123,'Joshua Adams','timothyholden@example.com','professor',218,94),(250,67,19,'2025-07-25 00:00:00','2025-07-26 00:00:00',53,'Donna Pittman','freemandustin@example.net','student',1,'Assignment19','2025-07-24 00:00:00','2025-05-10 00:00:00','2025-07-24 00:00:00','2025-07-21 00:00:00','2025-08-07 00:00:00','2025-08-09 00:00:00','2025-08-11 00:00:00','Economics 201',123,'2025-05-06 00:00:00',123,'Joshua Adams','timothyholden@example.com','professor',20,67),(251,10,19,'2025-07-19 00:00:00','2025-07-19 00:00:00',84,'Shane Johnson DVM','charlestaylor@example.org','student',1,'Assignment19','2025-07-24 00:00:00','2025-05-10 00:00:00','2025-07-24 00:00:00','2025-07-21 00:00:00','2025-08-07 00:00:00','2025-08-09 00:00:00','2025-08-11 00:00:00','Economics 201',123,'2025-05-06 00:00:00',123,'Joshua Adams','timothyholden@example.com','professor',127,10),(252,105,19,'2025-07-19 00:00:00','2025-07-20 00:00:00',69,'Amanda Castillo','carrilloamanda@example.org','student',1,'Assignment19','2025-07-24 00:00:00','2025-05-10 00:00:00','2025-07-24 00:00:00','2025-07-21 00:00:00','2025-08-07 00:00:00','2025-08-09 00:00:00','2025-08-11 00:00:00','Economics 201',123,'2025-05-06 00:00:00',123,'Joshua Adams','timothyholden@example.com','professor',124,105),(253,102,19,'2025-07-20 00:00:00','2025-07-20 00:00:00',87,'Matthew Bailey','sfuller@example.org','student',1,'Assignment19','2025-07-24 00:00:00','2025-05-10 00:00:00','2025-07-24 00:00:00','2025-07-21 00:00:00','2025-08-07 00:00:00','2025-08-09 00:00:00','2025-08-11 00:00:00','Economics 201',123,'2025-05-06 00:00:00',123,'Joshua Adams','timothyholden@example.com','professor',205,102),(254,62,19,'2025-07-28 00:00:00','2025-07-28 00:00:00',78,'Sonya Mcgee','edwardwalter@example.org','student',1,'Assignment19','2025-07-24 00:00:00','2025-05-10 00:00:00','2025-07-24 00:00:00','2025-07-21 00:00:00','2025-08-07 00:00:00','2025-08-09 00:00:00','2025-08-11 00:00:00','Economics 201',123,'2025-05-06 00:00:00',123,'Joshua Adams','timothyholden@example.com','professor',106,62),(255,81,19,'2025-07-29 00:00:00','2025-07-30 00:00:00',59,'Sara Chung','llogan@example.net','student',1,'Assignment19','2025-07-24 00:00:00','2025-05-10 00:00:00','2025-07-24 00:00:00','2025-07-21 00:00:00','2025-08-07 00:00:00','2025-08-09 00:00:00','2025-08-11 00:00:00','Economics 201',123,'2025-05-06 00:00:00',123,'Joshua Adams','timothyholden@example.com','professor',223,81),(256,114,19,'2025-07-28 00:00:00','2025-07-29 00:00:00',58,'Dennis Richards','christopherwhite@example.org','student',1,'Assignment19','2025-07-24 00:00:00','2025-05-10 00:00:00','2025-07-24 00:00:00','2025-07-21 00:00:00','2025-08-07 00:00:00','2025-08-09 00:00:00','2025-08-11 00:00:00','Economics 201',123,'2025-05-06 00:00:00',123,'Joshua Adams','timothyholden@example.com','professor',53,114),(257,8,19,'2025-07-20 00:00:00','2025-07-20 00:00:00',44,'Brian Yang','kbrown@example.com','student',1,'Assignment19','2025-07-24 00:00:00','2025-05-10 00:00:00','2025-07-24 00:00:00','2025-07-21 00:00:00','2025-08-07 00:00:00','2025-08-09 00:00:00','2025-08-11 00:00:00','Economics 201',123,'2025-05-06 00:00:00',123,'Joshua Adams','timothyholden@example.com','professor',99,8),(258,95,19,'2025-07-17 00:00:00','2025-07-18 00:00:00',40,'Jeremy Johnson','heather06@example.com','student',1,'Assignment19','2025-07-24 00:00:00','2025-05-10 00:00:00','2025-07-24 00:00:00','2025-07-21 00:00:00','2025-08-07 00:00:00','2025-08-09 00:00:00','2025-08-11 00:00:00','Economics 201',123,'2025-05-06 00:00:00',123,'Joshua Adams','timothyholden@example.com','professor',220,95),(259,43,19,'2025-07-29 00:00:00','2025-07-30 00:00:00',36,'Jessica Hood','dawsonkimberly@example.org','student',1,'Assignment19','2025-07-24 00:00:00','2025-05-10 00:00:00','2025-07-24 00:00:00','2025-07-21 00:00:00','2025-08-07 00:00:00','2025-08-09 00:00:00','2025-08-11 00:00:00','Economics 201',123,'2025-05-06 00:00:00',123,'Joshua Adams','timothyholden@example.com','professor',197,43),(260,99,19,'2025-07-24 00:00:00','2025-07-25 00:00:00',62,'Tracy Kramer','ddavis@example.com','student',1,'Assignment19','2025-07-24 00:00:00','2025-05-10 00:00:00','2025-07-24 00:00:00','2025-07-21 00:00:00','2025-08-07 00:00:00','2025-08-09 00:00:00','2025-08-11 00:00:00','Economics 201',123,'2025-05-06 00:00:00',123,'Joshua Adams','timothyholden@example.com','professor',145,99),(261,21,20,'2025-08-01 00:00:00','2025-08-02 00:00:00',57,'Joshua Smith','gknight@example.net','student',10,'Assignment20','2025-08-02 00:00:00','2025-05-08 00:00:00','2025-08-02 00:00:00','2025-07-30 00:00:00','2025-08-16 00:00:00','2025-08-17 00:00:00','2025-08-19 00:00:00','Advanced Philosophy',128,'2025-05-08 00:00:00',128,'Stacey Gill','nwarner@example.org','professor',91,21),(262,65,20,'2025-08-07 00:00:00','2025-08-07 00:00:00',50,'Ricky Smith','osbornashley@example.com','student',10,'Assignment20','2025-08-02 00:00:00','2025-05-08 00:00:00','2025-08-02 00:00:00','2025-07-30 00:00:00','2025-08-16 00:00:00','2025-08-17 00:00:00','2025-08-19 00:00:00','Advanced Philosophy',128,'2025-05-08 00:00:00',128,'Stacey Gill','nwarner@example.org','professor',62,65),(263,84,20,'2025-07-26 00:00:00','2025-07-26 00:00:00',98,'Martin Nichols','wmartin@example.com','student',10,'Assignment20','2025-08-02 00:00:00','2025-05-08 00:00:00','2025-08-02 00:00:00','2025-07-30 00:00:00','2025-08-16 00:00:00','2025-08-17 00:00:00','2025-08-19 00:00:00','Advanced Philosophy',128,'2025-05-08 00:00:00',128,'Stacey Gill','nwarner@example.org','professor',210,84),(264,22,20,'2025-07-31 00:00:00','2025-07-31 00:00:00',57,'Joshua Hicks','lynchmark@example.net','student',10,'Assignment20','2025-08-02 00:00:00','2025-05-08 00:00:00','2025-08-02 00:00:00','2025-07-30 00:00:00','2025-08-16 00:00:00','2025-08-17 00:00:00','2025-08-19 00:00:00','Advanced Philosophy',128,'2025-05-08 00:00:00',128,'Stacey Gill','nwarner@example.org','professor',80,22),(265,120,20,'2025-08-04 00:00:00','2025-08-05 00:00:00',54,'Laura Lee','kennedyaustin@example.org','student',10,'Assignment20','2025-08-02 00:00:00','2025-05-08 00:00:00','2025-08-02 00:00:00','2025-07-30 00:00:00','2025-08-16 00:00:00','2025-08-17 00:00:00','2025-08-19 00:00:00','Advanced Philosophy',128,'2025-05-08 00:00:00',128,'Stacey Gill','nwarner@example.org','professor',102,120),(266,94,20,'2025-08-04 00:00:00','2025-08-05 00:00:00',74,'Deborah Odonnell','normapineda@example.org','student',10,'Assignment20','2025-08-02 00:00:00','2025-05-08 00:00:00','2025-08-02 00:00:00','2025-07-30 00:00:00','2025-08-16 00:00:00','2025-08-17 00:00:00','2025-08-19 00:00:00','Advanced Philosophy',128,'2025-05-08 00:00:00',128,'Stacey Gill','nwarner@example.org','professor',219,94),(267,53,20,'2025-08-05 00:00:00','2025-08-06 00:00:00',50,'Andrew Stout','wwall@example.org','student',10,'Assignment20','2025-08-02 00:00:00','2025-05-08 00:00:00','2025-08-02 00:00:00','2025-07-30 00:00:00','2025-08-16 00:00:00','2025-08-17 00:00:00','2025-08-19 00:00:00','Advanced Philosophy',128,'2025-05-08 00:00:00',128,'Stacey Gill','nwarner@example.org','professor',115,53),(268,118,20,'2025-07-29 00:00:00','2025-07-30 00:00:00',93,'Matthew Smith','lisa05@example.com','student',10,'Assignment20','2025-08-02 00:00:00','2025-05-08 00:00:00','2025-08-02 00:00:00','2025-07-30 00:00:00','2025-08-16 00:00:00','2025-08-17 00:00:00','2025-08-19 00:00:00','Advanced Philosophy',128,'2025-05-08 00:00:00',128,'Stacey Gill','nwarner@example.org','professor',138,118),(269,36,20,'2025-07-27 00:00:00','2025-07-27 00:00:00',52,'Brett Nixon','alexandra68@example.com','student',10,'Assignment20','2025-08-02 00:00:00','2025-05-08 00:00:00','2025-08-02 00:00:00','2025-07-30 00:00:00','2025-08-16 00:00:00','2025-08-17 00:00:00','2025-08-19 00:00:00','Advanced Philosophy',128,'2025-05-08 00:00:00',128,'Stacey Gill','nwarner@example.org','professor',40,36),(270,9,20,'2025-08-01 00:00:00','2025-08-02 00:00:00',57,'Laura Whitehead','pamelaaguirre@example.org','student',10,'Assignment20','2025-08-02 00:00:00','2025-05-08 00:00:00','2025-08-02 00:00:00','2025-07-30 00:00:00','2025-08-16 00:00:00','2025-08-17 00:00:00','2025-08-19 00:00:00','Advanced Philosophy',128,'2025-05-08 00:00:00',128,'Stacey Gill','nwarner@example.org','professor',51,9),(271,88,20,'2025-08-03 00:00:00','2025-08-03 00:00:00',75,'Antonio Mccullough','brady59@example.com','student',10,'Assignment20','2025-08-02 00:00:00','2025-05-08 00:00:00','2025-08-02 00:00:00','2025-07-30 00:00:00','2025-08-16 00:00:00','2025-08-17 00:00:00','2025-08-19 00:00:00','Advanced Philosophy',128,'2025-05-08 00:00:00',128,'Stacey Gill','nwarner@example.org','professor',161,88),(272,68,20,'2025-07-31 00:00:00','2025-08-01 00:00:00',57,'Dana Ewing','jacobharris@example.net','student',10,'Assignment20','2025-08-02 00:00:00','2025-05-08 00:00:00','2025-08-02 00:00:00','2025-07-30 00:00:00','2025-08-16 00:00:00','2025-08-17 00:00:00','2025-08-19 00:00:00','Advanced Philosophy',128,'2025-05-08 00:00:00',128,'Stacey Gill','nwarner@example.org','professor',3,68),(273,17,20,'2025-08-03 00:00:00','2025-08-03 00:00:00',43,'Thomas Ramirez','michael27@example.org','student',10,'Assignment20','2025-08-02 00:00:00','2025-05-08 00:00:00','2025-08-02 00:00:00','2025-07-30 00:00:00','2025-08-16 00:00:00','2025-08-17 00:00:00','2025-08-19 00:00:00','Advanced Philosophy',128,'2025-05-08 00:00:00',128,'Stacey Gill','nwarner@example.org','professor',193,17),(274,36,21,'2025-08-04 00:00:00','2025-08-04 00:00:00',0,'Brett Nixon','alexandra68@example.com','student',12,'Assignment21','2025-07-29 00:00:00','2025-05-03 00:00:00','2025-07-29 00:00:00','2025-07-26 00:00:00','2025-08-10 00:00:00','2025-08-13 00:00:00','2025-08-15 00:00:00','Chemistry 101',131,'2025-05-09 00:00:00',131,'Rebecca Stokes','david35@example.com','professor',38,36),(275,108,21,'2025-07-29 00:00:00','2025-07-29 00:00:00',64,'Emily Smith','nathanielblair@example.com','student',12,'Assignment21','2025-07-29 00:00:00','2025-05-03 00:00:00','2025-07-29 00:00:00','2025-07-26 00:00:00','2025-08-10 00:00:00','2025-08-13 00:00:00','2025-08-15 00:00:00','Chemistry 101',131,'2025-05-09 00:00:00',131,'Rebecca Stokes','david35@example.com','professor',42,108),(276,38,21,'2025-07-22 00:00:00','2025-07-23 00:00:00',73,'Jennifer Powell','valerie31@example.org','student',12,'Assignment21','2025-07-29 00:00:00','2025-05-03 00:00:00','2025-07-29 00:00:00','2025-07-26 00:00:00','2025-08-10 00:00:00','2025-08-13 00:00:00','2025-08-15 00:00:00','Chemistry 101',131,'2025-05-09 00:00:00',131,'Rebecca Stokes','david35@example.com','professor',60,38),(277,83,21,'2025-08-03 00:00:00','2025-08-04 00:00:00',29,'Lisa Burns','lauravance@example.com','student',12,'Assignment21','2025-07-29 00:00:00','2025-05-03 00:00:00','2025-07-29 00:00:00','2025-07-26 00:00:00','2025-08-10 00:00:00','2025-08-13 00:00:00','2025-08-15 00:00:00','Chemistry 101',131,'2025-05-09 00:00:00',131,'Rebecca Stokes','david35@example.com','professor',167,83),(278,18,21,'2025-07-29 00:00:00','2025-07-29 00:00:00',90,'Anthony Reyes','vriley@example.net','student',12,'Assignment21','2025-07-29 00:00:00','2025-05-03 00:00:00','2025-07-29 00:00:00','2025-07-26 00:00:00','2025-08-10 00:00:00','2025-08-13 00:00:00','2025-08-15 00:00:00','Chemistry 101',131,'2025-05-09 00:00:00',131,'Rebecca Stokes','david35@example.com','professor',155,18),(279,56,21,'2025-08-03 00:00:00','2025-08-03 00:00:00',30,'Karen Daniels','gabrieljohnson@example.net','student',12,'Assignment21','2025-07-29 00:00:00','2025-05-03 00:00:00','2025-07-29 00:00:00','2025-07-26 00:00:00','2025-08-10 00:00:00','2025-08-13 00:00:00','2025-08-15 00:00:00','Chemistry 101',131,'2025-05-09 00:00:00',131,'Rebecca Stokes','david35@example.com','professor',98,56),(280,50,21,'2025-07-22 00:00:00','2025-07-23 00:00:00',41,'Gary Bruce','rebecca69@example.com','student',12,'Assignment21','2025-07-29 00:00:00','2025-05-03 00:00:00','2025-07-29 00:00:00','2025-07-26 00:00:00','2025-08-10 00:00:00','2025-08-13 00:00:00','2025-08-15 00:00:00','Chemistry 101',131,'2025-05-09 00:00:00',131,'Rebecca Stokes','david35@example.com','professor',174,50),(281,105,21,'2025-08-03 00:00:00','2025-08-03 00:00:00',63,'Amanda Castillo','carrilloamanda@example.org','student',12,'Assignment21','2025-07-29 00:00:00','2025-05-03 00:00:00','2025-07-29 00:00:00','2025-07-26 00:00:00','2025-08-10 00:00:00','2025-08-13 00:00:00','2025-08-15 00:00:00','Chemistry 101',131,'2025-05-09 00:00:00',131,'Rebecca Stokes','david35@example.com','professor',125,105),(282,119,21,'2025-08-03 00:00:00','2025-08-03 00:00:00',33,'Julie Jackson','aimee92@example.net','student',12,'Assignment21','2025-07-29 00:00:00','2025-05-03 00:00:00','2025-07-29 00:00:00','2025-07-26 00:00:00','2025-08-10 00:00:00','2025-08-13 00:00:00','2025-08-15 00:00:00','Chemistry 101',131,'2025-05-09 00:00:00',131,'Rebecca Stokes','david35@example.com','professor',8,119),(283,59,21,'2025-07-29 00:00:00','2025-07-29 00:00:00',63,'Amy Ortiz','ggilbert@example.net','student',12,'Assignment21','2025-07-29 00:00:00','2025-05-03 00:00:00','2025-07-29 00:00:00','2025-07-26 00:00:00','2025-08-10 00:00:00','2025-08-13 00:00:00','2025-08-15 00:00:00','Chemistry 101',131,'2025-05-09 00:00:00',131,'Rebecca Stokes','david35@example.com','professor',148,59),(284,66,21,'2025-08-02 00:00:00','2025-08-02 00:00:00',23,'Jennifer Valdez','hserrano@example.com','student',12,'Assignment21','2025-07-29 00:00:00','2025-05-03 00:00:00','2025-07-29 00:00:00','2025-07-26 00:00:00','2025-08-10 00:00:00','2025-08-13 00:00:00','2025-08-15 00:00:00','Chemistry 101',131,'2025-05-09 00:00:00',131,'Rebecca Stokes','david35@example.com','professor',73,66),(285,45,21,'2025-07-31 00:00:00','2025-07-31 00:00:00',90,'Matthew Harris','samantha44@example.com','student',12,'Assignment21','2025-07-29 00:00:00','2025-05-03 00:00:00','2025-07-29 00:00:00','2025-07-26 00:00:00','2025-08-10 00:00:00','2025-08-13 00:00:00','2025-08-15 00:00:00','Chemistry 101',131,'2025-05-09 00:00:00',131,'Rebecca Stokes','david35@example.com','professor',76,45),(286,44,21,'2025-08-03 00:00:00','2025-08-03 00:00:00',59,'Brian Andrews','alexandervalentine@example.com','student',12,'Assignment21','2025-07-29 00:00:00','2025-05-03 00:00:00','2025-07-29 00:00:00','2025-07-26 00:00:00','2025-08-10 00:00:00','2025-08-13 00:00:00','2025-08-15 00:00:00','Chemistry 101',131,'2025-05-09 00:00:00',131,'Rebecca Stokes','david35@example.com','professor',132,44),(287,55,21,'2025-07-23 00:00:00','2025-07-23 00:00:00',43,'Geoffrey Rogers','victoriamcdaniel@example.net','student',12,'Assignment21','2025-07-29 00:00:00','2025-05-03 00:00:00','2025-07-29 00:00:00','2025-07-26 00:00:00','2025-08-10 00:00:00','2025-08-13 00:00:00','2025-08-15 00:00:00','Chemistry 101',131,'2025-05-09 00:00:00',131,'Rebecca Stokes','david35@example.com','professor',182,55),(288,34,22,'2025-07-25 00:00:00','2025-07-26 00:00:00',45,'David Newman','qreyes@example.org','student',15,'Assignment22','2025-07-20 00:00:00','2025-05-01 00:00:00','2025-07-20 00:00:00','2025-07-17 00:00:00','2025-08-03 00:00:00','2025-08-07 00:00:00','2025-08-12 00:00:00','Chemistry 301',127,'2025-05-04 00:00:00',127,'Bobby Clark','leetonya@example.org','professor',45,34),(289,105,22,'2025-07-25 00:00:00','2025-07-25 00:00:00',29,'Amanda Castillo','carrilloamanda@example.org','student',15,'Assignment22','2025-07-20 00:00:00','2025-05-01 00:00:00','2025-07-20 00:00:00','2025-07-17 00:00:00','2025-08-03 00:00:00','2025-08-07 00:00:00','2025-08-12 00:00:00','Chemistry 301',127,'2025-05-04 00:00:00',127,'Bobby Clark','leetonya@example.org','professor',126,105),(290,79,22,'2025-07-16 00:00:00','2025-07-17 00:00:00',58,'Mr. Jason King Jr.','maryduarte@example.net','student',15,'Assignment22','2025-07-20 00:00:00','2025-05-01 00:00:00','2025-07-20 00:00:00','2025-07-17 00:00:00','2025-08-03 00:00:00','2025-08-07 00:00:00','2025-08-12 00:00:00','Chemistry 301',127,'2025-05-04 00:00:00',127,'Bobby Clark','leetonya@example.org','professor',156,79),(291,30,22,'2025-07-22 00:00:00','2025-07-22 00:00:00',31,'Parker Wiley','daniellegutierrez@example.org','student',15,'Assignment22','2025-07-20 00:00:00','2025-05-01 00:00:00','2025-07-20 00:00:00','2025-07-17 00:00:00','2025-08-03 00:00:00','2025-08-07 00:00:00','2025-08-12 00:00:00','Chemistry 301',127,'2025-05-04 00:00:00',127,'Bobby Clark','leetonya@example.org','professor',226,30),(292,7,22,'2025-07-14 00:00:00','2025-07-14 00:00:00',83,'Scott Warren','jenniferdunn@example.org','student',15,'Assignment22','2025-07-20 00:00:00','2025-05-01 00:00:00','2025-07-20 00:00:00','2025-07-17 00:00:00','2025-08-03 00:00:00','2025-08-07 00:00:00','2025-08-12 00:00:00','Chemistry 301',127,'2025-05-04 00:00:00',127,'Bobby Clark','leetonya@example.org','professor',26,7),(293,26,22,'2025-07-18 00:00:00','2025-07-18 00:00:00',40,'Anthony Smith','david54@example.org','student',15,'Assignment22','2025-07-20 00:00:00','2025-05-01 00:00:00','2025-07-20 00:00:00','2025-07-17 00:00:00','2025-08-03 00:00:00','2025-08-07 00:00:00','2025-08-12 00:00:00','Chemistry 301',127,'2025-05-04 00:00:00',127,'Bobby Clark','leetonya@example.org','professor',82,26),(294,63,22,'2025-07-24 00:00:00','2025-07-25 00:00:00',37,'Timothy Crosby','pachecodennis@example.net','student',15,'Assignment22','2025-07-20 00:00:00','2025-05-01 00:00:00','2025-07-20 00:00:00','2025-07-17 00:00:00','2025-08-03 00:00:00','2025-08-07 00:00:00','2025-08-12 00:00:00','Chemistry 301',127,'2025-05-04 00:00:00',127,'Bobby Clark','leetonya@example.org','professor',87,63),(295,70,22,'2025-07-19 00:00:00','2025-07-20 00:00:00',41,'Kayla Smith','olivia35@example.net','student',15,'Assignment22','2025-07-20 00:00:00','2025-05-01 00:00:00','2025-07-20 00:00:00','2025-07-17 00:00:00','2025-08-03 00:00:00','2025-08-07 00:00:00','2025-08-12 00:00:00','Chemistry 301',127,'2025-05-04 00:00:00',127,'Bobby Clark','leetonya@example.org','professor',114,70),(296,76,22,'2025-07-13 00:00:00','2025-07-14 00:00:00',69,'Monica Sutton','teresa41@example.org','student',15,'Assignment22','2025-07-20 00:00:00','2025-05-01 00:00:00','2025-07-20 00:00:00','2025-07-17 00:00:00','2025-08-03 00:00:00','2025-08-07 00:00:00','2025-08-12 00:00:00','Chemistry 301',127,'2025-05-04 00:00:00',127,'Bobby Clark','leetonya@example.org','professor',52,76),(297,21,23,'2025-07-28 00:00:00','2025-07-29 00:00:00',46,'Joshua Smith','gknight@example.net','student',11,'Assignment23','2025-07-29 00:00:00','2025-05-03 00:00:00','2025-07-29 00:00:00','2025-07-26 00:00:00','2025-08-15 00:00:00','2025-08-14 00:00:00','2025-08-19 00:00:00','Chemistry 201',126,'2025-05-08 00:00:00',126,'Nicholas Joyce','acevedoconnie@example.org','professor',89,21),(298,51,23,'2025-07-31 00:00:00','2025-07-31 00:00:00',46,'April Blair','timothy71@example.com','student',11,'Assignment23','2025-07-29 00:00:00','2025-05-03 00:00:00','2025-07-29 00:00:00','2025-07-26 00:00:00','2025-08-15 00:00:00','2025-08-14 00:00:00','2025-08-19 00:00:00','Chemistry 201',126,'2025-05-08 00:00:00',126,'Nicholas Joyce','acevedoconnie@example.org','professor',166,51),(299,43,23,'2025-07-23 00:00:00','2025-07-24 00:00:00',82,'Jessica Hood','dawsonkimberly@example.org','student',11,'Assignment23','2025-07-29 00:00:00','2025-05-03 00:00:00','2025-07-29 00:00:00','2025-07-26 00:00:00','2025-08-15 00:00:00','2025-08-14 00:00:00','2025-08-19 00:00:00','Chemistry 201',126,'2025-05-08 00:00:00',126,'Nicholas Joyce','acevedoconnie@example.org','professor',198,43),(300,25,23,'2025-08-02 00:00:00','2025-08-02 00:00:00',35,'Dustin Lopez','michaelbradshaw@example.org','student',11,'Assignment23','2025-07-29 00:00:00','2025-05-03 00:00:00','2025-07-29 00:00:00','2025-07-26 00:00:00','2025-08-15 00:00:00','2025-08-14 00:00:00','2025-08-19 00:00:00','Chemistry 201',126,'2025-05-08 00:00:00',126,'Nicholas Joyce','acevedoconnie@example.org','professor',136,25),(301,46,23,'2025-08-04 00:00:00','2025-08-04 00:00:00',0,'Erin Andrews DDS','vancedaniel@example.net','student',11,'Assignment23','2025-07-29 00:00:00','2025-05-03 00:00:00','2025-07-29 00:00:00','2025-07-26 00:00:00','2025-08-15 00:00:00','2025-08-14 00:00:00','2025-08-19 00:00:00','Chemistry 201',126,'2025-05-08 00:00:00',126,'Nicholas Joyce','acevedoconnie@example.org','professor',214,46),(302,75,23,'2025-07-30 00:00:00','2025-07-31 00:00:00',66,'Deborah Vasquez','gina31@example.com','student',11,'Assignment23','2025-07-29 00:00:00','2025-05-03 00:00:00','2025-07-29 00:00:00','2025-07-26 00:00:00','2025-08-15 00:00:00','2025-08-14 00:00:00','2025-08-19 00:00:00','Chemistry 201',126,'2025-05-08 00:00:00',126,'Nicholas Joyce','acevedoconnie@example.org','professor',68,75),(303,69,23,'2025-08-03 00:00:00','2025-08-03 00:00:00',43,'Aaron Daniels','wardchristopher@example.org','student',11,'Assignment23','2025-07-29 00:00:00','2025-05-03 00:00:00','2025-07-29 00:00:00','2025-07-26 00:00:00','2025-08-15 00:00:00','2025-08-14 00:00:00','2025-08-19 00:00:00','Chemistry 201',126,'2025-05-08 00:00:00',126,'Nicholas Joyce','acevedoconnie@example.org','professor',201,69),(304,65,23,'2025-07-24 00:00:00','2025-07-24 00:00:00',57,'Ricky Smith','osbornashley@example.com','student',11,'Assignment23','2025-07-29 00:00:00','2025-05-03 00:00:00','2025-07-29 00:00:00','2025-07-26 00:00:00','2025-08-15 00:00:00','2025-08-14 00:00:00','2025-08-19 00:00:00','Chemistry 201',126,'2025-05-08 00:00:00',126,'Nicholas Joyce','acevedoconnie@example.org','professor',63,65),(305,39,23,'2025-07-26 00:00:00','2025-07-27 00:00:00',93,'Jesse French','georgemichael@example.com','student',11,'Assignment23','2025-07-29 00:00:00','2025-05-03 00:00:00','2025-07-29 00:00:00','2025-07-26 00:00:00','2025-08-15 00:00:00','2025-08-14 00:00:00','2025-08-19 00:00:00','Chemistry 201',126,'2025-05-08 00:00:00',126,'Nicholas Joyce','acevedoconnie@example.org','professor',95,39),(306,118,24,'2025-08-01 00:00:00','2025-08-02 00:00:00',52,'Matthew Smith','lisa05@example.com','student',10,'Assignment24','2025-08-05 00:00:00','2025-05-09 00:00:00','2025-08-05 00:00:00','2025-08-02 00:00:00','2025-08-18 00:00:00','2025-08-19 00:00:00','2025-08-24 00:00:00','Advanced Philosophy',128,'2025-05-08 00:00:00',128,'Stacey Gill','nwarner@example.org','professor',138,118),(307,80,24,'2025-08-02 00:00:00','2025-08-03 00:00:00',81,'Michael Hays','kenneth81@example.org','student',10,'Assignment24','2025-08-05 00:00:00','2025-05-09 00:00:00','2025-08-05 00:00:00','2025-08-02 00:00:00','2025-08-18 00:00:00','2025-08-19 00:00:00','2025-08-24 00:00:00','Advanced Philosophy',128,'2025-05-08 00:00:00',128,'Stacey Gill','nwarner@example.org','professor',86,80),(308,84,24,'2025-08-04 00:00:00','2025-08-04 00:00:00',47,'Martin Nichols','wmartin@example.com','student',10,'Assignment24','2025-08-05 00:00:00','2025-05-09 00:00:00','2025-08-05 00:00:00','2025-08-02 00:00:00','2025-08-18 00:00:00','2025-08-19 00:00:00','2025-08-24 00:00:00','Advanced Philosophy',128,'2025-05-08 00:00:00',128,'Stacey Gill','nwarner@example.org','professor',210,84),(309,88,24,'2025-07-29 00:00:00','2025-07-30 00:00:00',73,'Antonio Mccullough','brady59@example.com','student',10,'Assignment24','2025-08-05 00:00:00','2025-05-09 00:00:00','2025-08-05 00:00:00','2025-08-02 00:00:00','2025-08-18 00:00:00','2025-08-19 00:00:00','2025-08-24 00:00:00','Advanced Philosophy',128,'2025-05-08 00:00:00',128,'Stacey Gill','nwarner@example.org','professor',161,88),(310,36,24,'2025-08-03 00:00:00','2025-08-04 00:00:00',44,'Brett Nixon','alexandra68@example.com','student',10,'Assignment24','2025-08-05 00:00:00','2025-05-09 00:00:00','2025-08-05 00:00:00','2025-08-02 00:00:00','2025-08-18 00:00:00','2025-08-19 00:00:00','2025-08-24 00:00:00','Advanced Philosophy',128,'2025-05-08 00:00:00',128,'Stacey Gill','nwarner@example.org','professor',40,36),(311,68,24,'2025-08-07 00:00:00','2025-08-07 00:00:00',36,'Dana Ewing','jacobharris@example.net','student',10,'Assignment24','2025-08-05 00:00:00','2025-05-09 00:00:00','2025-08-05 00:00:00','2025-08-02 00:00:00','2025-08-18 00:00:00','2025-08-19 00:00:00','2025-08-24 00:00:00','Advanced Philosophy',128,'2025-05-08 00:00:00',128,'Stacey Gill','nwarner@example.org','professor',3,68),(312,31,24,'2025-08-05 00:00:00','2025-08-06 00:00:00',41,'Kimberly Singleton','fsanchez@example.org','student',10,'Assignment24','2025-08-05 00:00:00','2025-05-09 00:00:00','2025-08-05 00:00:00','2025-08-02 00:00:00','2025-08-18 00:00:00','2025-08-19 00:00:00','2025-08-24 00:00:00','Advanced Philosophy',128,'2025-05-08 00:00:00',128,'Stacey Gill','nwarner@example.org','professor',178,31),(313,17,24,'2025-08-10 00:00:00','2025-08-10 00:00:00',26,'Thomas Ramirez','michael27@example.org','student',10,'Assignment24','2025-08-05 00:00:00','2025-05-09 00:00:00','2025-08-05 00:00:00','2025-08-02 00:00:00','2025-08-18 00:00:00','2025-08-19 00:00:00','2025-08-24 00:00:00','Advanced Philosophy',128,'2025-05-08 00:00:00',128,'Stacey Gill','nwarner@example.org','professor',193,17),(314,120,24,'2025-08-02 00:00:00','2025-08-03 00:00:00',48,'Laura Lee','kennedyaustin@example.org','student',10,'Assignment24','2025-08-05 00:00:00','2025-05-09 00:00:00','2025-08-05 00:00:00','2025-08-02 00:00:00','2025-08-18 00:00:00','2025-08-19 00:00:00','2025-08-24 00:00:00','Advanced Philosophy',128,'2025-05-08 00:00:00',128,'Stacey Gill','nwarner@example.org','professor',102,120),(315,22,24,'2025-08-02 00:00:00','2025-08-02 00:00:00',50,'Joshua Hicks','lynchmark@example.net','student',10,'Assignment24','2025-08-05 00:00:00','2025-05-09 00:00:00','2025-08-05 00:00:00','2025-08-02 00:00:00','2025-08-18 00:00:00','2025-08-19 00:00:00','2025-08-24 00:00:00','Advanced Philosophy',128,'2025-05-08 00:00:00',128,'Stacey Gill','nwarner@example.org','professor',80,22),(316,65,24,'2025-08-02 00:00:00','2025-08-02 00:00:00',40,'Ricky Smith','osbornashley@example.com','student',10,'Assignment24','2025-08-05 00:00:00','2025-05-09 00:00:00','2025-08-05 00:00:00','2025-08-02 00:00:00','2025-08-18 00:00:00','2025-08-19 00:00:00','2025-08-24 00:00:00','Advanced Philosophy',128,'2025-05-08 00:00:00',128,'Stacey Gill','nwarner@example.org','professor',62,65),(317,81,25,'2025-07-30 00:00:00','2025-07-31 00:00:00',53,'Sara Chung','llogan@example.net','student',1,'Assignment25','2025-07-25 00:00:00','2025-05-08 00:00:00','2025-07-25 00:00:00','2025-07-22 00:00:00','2025-08-11 00:00:00','2025-08-13 00:00:00','2025-08-17 00:00:00','Economics 201',123,'2025-05-06 00:00:00',123,'Joshua Adams','timothyholden@example.com','professor',223,81),(318,36,25,'2025-07-25 00:00:00','2025-07-26 00:00:00',44,'Brett Nixon','alexandra68@example.com','student',1,'Assignment25','2025-07-25 00:00:00','2025-05-08 00:00:00','2025-07-25 00:00:00','2025-07-22 00:00:00','2025-08-11 00:00:00','2025-08-13 00:00:00','2025-08-17 00:00:00','Economics 201',123,'2025-05-06 00:00:00',123,'Joshua Adams','timothyholden@example.com','professor',39,36),(319,95,25,'2025-07-19 00:00:00','2025-07-19 00:00:00',47,'Jeremy Johnson','heather06@example.com','student',1,'Assignment25','2025-07-25 00:00:00','2025-05-08 00:00:00','2025-07-25 00:00:00','2025-07-22 00:00:00','2025-08-11 00:00:00','2025-08-13 00:00:00','2025-08-17 00:00:00','Economics 201',123,'2025-05-06 00:00:00',123,'Joshua Adams','timothyholden@example.com','professor',220,95),(320,64,25,'2025-07-18 00:00:00','2025-07-19 00:00:00',82,'Howard Knight','alexishernandez@example.net','student',1,'Assignment25','2025-07-25 00:00:00','2025-05-08 00:00:00','2025-07-25 00:00:00','2025-07-22 00:00:00','2025-08-11 00:00:00','2025-08-13 00:00:00','2025-08-17 00:00:00','Economics 201',123,'2025-05-06 00:00:00',123,'Joshua Adams','timothyholden@example.com','professor',160,64),(321,48,25,'2025-07-27 00:00:00','2025-07-28 00:00:00',53,'Keith Simmons','tuckerjacqueline@example.org','student',1,'Assignment25','2025-07-25 00:00:00','2025-05-08 00:00:00','2025-07-25 00:00:00','2025-07-22 00:00:00','2025-08-11 00:00:00','2025-08-13 00:00:00','2025-08-17 00:00:00','Economics 201',123,'2025-05-06 00:00:00',123,'Joshua Adams','timothyholden@example.com','professor',37,48),(322,84,25,'2025-07-25 00:00:00','2025-07-26 00:00:00',56,'Martin Nichols','wmartin@example.com','student',1,'Assignment25','2025-07-25 00:00:00','2025-05-08 00:00:00','2025-07-25 00:00:00','2025-07-22 00:00:00','2025-08-11 00:00:00','2025-08-13 00:00:00','2025-08-17 00:00:00','Economics 201',123,'2025-05-06 00:00:00',123,'Joshua Adams','timothyholden@example.com','professor',211,84),(323,30,25,'2025-07-18 00:00:00','2025-07-18 00:00:00',82,'Parker Wiley','daniellegutierrez@example.org','student',1,'Assignment25','2025-07-25 00:00:00','2025-05-08 00:00:00','2025-07-25 00:00:00','2025-07-22 00:00:00','2025-08-11 00:00:00','2025-08-13 00:00:00','2025-08-17 00:00:00','Economics 201',123,'2025-05-06 00:00:00',123,'Joshua Adams','timothyholden@example.com','professor',227,30),(324,114,25,'2025-07-28 00:00:00','2025-07-29 00:00:00',71,'Dennis Richards','christopherwhite@example.org','student',1,'Assignment25','2025-07-25 00:00:00','2025-05-08 00:00:00','2025-07-25 00:00:00','2025-07-22 00:00:00','2025-08-11 00:00:00','2025-08-13 00:00:00','2025-08-17 00:00:00','Economics 201',123,'2025-05-06 00:00:00',123,'Joshua Adams','timothyholden@example.com','professor',53,114),(325,8,25,'2025-07-21 00:00:00','2025-07-21 00:00:00',72,'Brian Yang','kbrown@example.com','student',1,'Assignment25','2025-07-25 00:00:00','2025-05-08 00:00:00','2025-07-25 00:00:00','2025-07-22 00:00:00','2025-08-11 00:00:00','2025-08-13 00:00:00','2025-08-17 00:00:00','Economics 201',123,'2025-05-06 00:00:00',123,'Joshua Adams','timothyholden@example.com','professor',99,8),(326,102,25,'2025-07-20 00:00:00','2025-07-20 00:00:00',70,'Matthew Bailey','sfuller@example.org','student',1,'Assignment25','2025-07-25 00:00:00','2025-05-08 00:00:00','2025-07-25 00:00:00','2025-07-22 00:00:00','2025-08-11 00:00:00','2025-08-13 00:00:00','2025-08-17 00:00:00','Economics 201',123,'2025-05-06 00:00:00',123,'Joshua Adams','timothyholden@example.com','professor',205,102),(327,120,25,'2025-07-31 00:00:00','2025-08-01 00:00:00',0,'Laura Lee','kennedyaustin@example.org','student',1,'Assignment25','2025-07-25 00:00:00','2025-05-08 00:00:00','2025-07-25 00:00:00','2025-07-22 00:00:00','2025-08-11 00:00:00','2025-08-13 00:00:00','2025-08-17 00:00:00','Economics 201',123,'2025-05-06 00:00:00',123,'Joshua Adams','timothyholden@example.com','professor',101,120),(328,99,25,'2025-07-22 00:00:00','2025-07-23 00:00:00',53,'Tracy Kramer','ddavis@example.com','student',1,'Assignment25','2025-07-25 00:00:00','2025-05-08 00:00:00','2025-07-25 00:00:00','2025-07-22 00:00:00','2025-08-11 00:00:00','2025-08-13 00:00:00','2025-08-17 00:00:00','Economics 201',123,'2025-05-06 00:00:00',123,'Joshua Adams','timothyholden@example.com','professor',145,99),(329,16,25,'2025-07-27 00:00:00','2025-07-28 00:00:00',48,'Jason Roberson','carolynsloan@example.org','student',1,'Assignment25','2025-07-25 00:00:00','2025-05-08 00:00:00','2025-07-25 00:00:00','2025-07-22 00:00:00','2025-08-11 00:00:00','2025-08-13 00:00:00','2025-08-17 00:00:00','Economics 201',123,'2025-05-06 00:00:00',123,'Joshua Adams','timothyholden@example.com','professor',5,16),(330,43,25,'2025-07-26 00:00:00','2025-07-26 00:00:00',63,'Jessica Hood','dawsonkimberly@example.org','student',1,'Assignment25','2025-07-25 00:00:00','2025-05-08 00:00:00','2025-07-25 00:00:00','2025-07-22 00:00:00','2025-08-11 00:00:00','2025-08-13 00:00:00','2025-08-17 00:00:00','Economics 201',123,'2025-05-06 00:00:00',123,'Joshua Adams','timothyholden@example.com','professor',197,43),(331,94,25,'2025-07-29 00:00:00','2025-07-30 00:00:00',34,'Deborah Odonnell','normapineda@example.org','student',1,'Assignment25','2025-07-25 00:00:00','2025-05-08 00:00:00','2025-07-25 00:00:00','2025-07-22 00:00:00','2025-08-11 00:00:00','2025-08-13 00:00:00','2025-08-17 00:00:00','Economics 201',123,'2025-05-06 00:00:00',123,'Joshua Adams','timothyholden@example.com','professor',218,94),(332,15,25,'2025-07-26 00:00:00','2025-07-27 00:00:00',71,'Jasmine Campbell','chambersdonna@example.net','student',1,'Assignment25','2025-07-25 00:00:00','2025-05-08 00:00:00','2025-07-25 00:00:00','2025-07-22 00:00:00','2025-08-11 00:00:00','2025-08-13 00:00:00','2025-08-17 00:00:00','Economics 201',123,'2025-05-06 00:00:00',123,'Joshua Adams','timothyholden@example.com','professor',77,15),(333,62,25,'2025-07-28 00:00:00','2025-07-29 00:00:00',50,'Sonya Mcgee','edwardwalter@example.org','student',1,'Assignment25','2025-07-25 00:00:00','2025-05-08 00:00:00','2025-07-25 00:00:00','2025-07-22 00:00:00','2025-08-11 00:00:00','2025-08-13 00:00:00','2025-08-17 00:00:00','Economics 201',123,'2025-05-06 00:00:00',123,'Joshua Adams','timothyholden@example.com','professor',106,62),(334,39,25,'2025-07-26 00:00:00','2025-07-26 00:00:00',69,'Jesse French','georgemichael@example.com','student',1,'Assignment25','2025-07-25 00:00:00','2025-05-08 00:00:00','2025-07-25 00:00:00','2025-07-22 00:00:00','2025-08-11 00:00:00','2025-08-13 00:00:00','2025-08-17 00:00:00','Economics 201',123,'2025-05-06 00:00:00',123,'Joshua Adams','timothyholden@example.com','professor',96,39),(335,67,25,'2025-07-22 00:00:00','2025-07-22 00:00:00',49,'Donna Pittman','freemandustin@example.net','student',1,'Assignment25','2025-07-25 00:00:00','2025-05-08 00:00:00','2025-07-25 00:00:00','2025-07-22 00:00:00','2025-08-11 00:00:00','2025-08-13 00:00:00','2025-08-17 00:00:00','Economics 201',123,'2025-05-06 00:00:00',123,'Joshua Adams','timothyholden@example.com','professor',20,67),(336,105,25,'2025-07-22 00:00:00','2025-07-22 00:00:00',56,'Amanda Castillo','carrilloamanda@example.org','student',1,'Assignment25','2025-07-25 00:00:00','2025-05-08 00:00:00','2025-07-25 00:00:00','2025-07-22 00:00:00','2025-08-11 00:00:00','2025-08-13 00:00:00','2025-08-17 00:00:00','Economics 201',123,'2025-05-06 00:00:00',123,'Joshua Adams','timothyholden@example.com','professor',124,105),(337,10,25,'2025-07-21 00:00:00','2025-07-22 00:00:00',91,'Shane Johnson DVM','charlestaylor@example.org','student',1,'Assignment25','2025-07-25 00:00:00','2025-05-08 00:00:00','2025-07-25 00:00:00','2025-07-22 00:00:00','2025-08-11 00:00:00','2025-08-13 00:00:00','2025-08-17 00:00:00','Economics 201',123,'2025-05-06 00:00:00',123,'Joshua Adams','timothyholden@example.com','professor',127,10),(338,1,26,'2025-08-02 00:00:00','2025-08-03 00:00:00',69,'Hannah Robles','carterzoe@example.com','student',2,'Assignment26','2025-08-03 00:00:00','2025-05-04 00:00:00','2025-08-03 00:00:00','2025-07-31 00:00:00','2025-08-19 00:00:00','2025-08-22 00:00:00','2025-08-26 00:00:00','Intro to Math',132,'2025-05-05 00:00:00',132,'Kyle Francis','mgreer@example.net','professor',113,1),(339,49,26,'2025-08-02 00:00:00','2025-08-02 00:00:00',67,'Jeffrey Figueroa','itodd@example.org','student',2,'Assignment26','2025-08-03 00:00:00','2025-05-04 00:00:00','2025-08-03 00:00:00','2025-07-31 00:00:00','2025-08-19 00:00:00','2025-08-22 00:00:00','2025-08-26 00:00:00','Intro to Math',132,'2025-05-05 00:00:00',132,'Kyle Francis','mgreer@example.net','professor',141,49),(340,75,26,'2025-07-31 00:00:00','2025-07-31 00:00:00',46,'Deborah Vasquez','gina31@example.com','student',2,'Assignment26','2025-08-03 00:00:00','2025-05-04 00:00:00','2025-08-03 00:00:00','2025-07-31 00:00:00','2025-08-19 00:00:00','2025-08-22 00:00:00','2025-08-26 00:00:00','Intro to Math',132,'2025-05-05 00:00:00',132,'Kyle Francis','mgreer@example.net','professor',70,75),(341,111,26,'2025-08-08 00:00:00','2025-08-09 00:00:00',68,'Amber Williams','brendan56@example.com','student',2,'Assignment26','2025-08-03 00:00:00','2025-05-04 00:00:00','2025-08-03 00:00:00','2025-07-31 00:00:00','2025-08-19 00:00:00','2025-08-22 00:00:00','2025-08-26 00:00:00','Intro to Math',132,'2025-05-05 00:00:00',132,'Kyle Francis','mgreer@example.net','professor',207,111),(342,99,26,'2025-08-02 00:00:00','2025-08-03 00:00:00',87,'Tracy Kramer','ddavis@example.com','student',2,'Assignment26','2025-08-03 00:00:00','2025-05-04 00:00:00','2025-08-03 00:00:00','2025-07-31 00:00:00','2025-08-19 00:00:00','2025-08-22 00:00:00','2025-08-26 00:00:00','Intro to Math',132,'2025-05-05 00:00:00',132,'Kyle Francis','mgreer@example.net','professor',143,99),(343,119,26,'2025-08-09 00:00:00','2025-08-09 00:00:00',0,'Julie Jackson','aimee92@example.net','student',2,'Assignment26','2025-08-03 00:00:00','2025-05-04 00:00:00','2025-08-03 00:00:00','2025-07-31 00:00:00','2025-08-19 00:00:00','2025-08-22 00:00:00','2025-08-26 00:00:00','Intro to Math',132,'2025-05-05 00:00:00',132,'Kyle Francis','mgreer@example.net','professor',7,119),(344,93,26,'2025-08-02 00:00:00','2025-08-02 00:00:00',91,'John Suarez','jeremy88@example.net','student',2,'Assignment26','2025-08-03 00:00:00','2025-05-04 00:00:00','2025-08-03 00:00:00','2025-07-31 00:00:00','2025-08-19 00:00:00','2025-08-22 00:00:00','2025-08-26 00:00:00','Intro to Math',132,'2025-05-05 00:00:00',132,'Kyle Francis','mgreer@example.net','professor',120,93),(345,98,26,'2025-07-27 00:00:00','2025-07-27 00:00:00',72,'Joshua Nguyen','lopezdawn@example.org','student',2,'Assignment26','2025-08-03 00:00:00','2025-05-04 00:00:00','2025-08-03 00:00:00','2025-07-31 00:00:00','2025-08-19 00:00:00','2025-08-22 00:00:00','2025-08-26 00:00:00','Intro to Math',132,'2025-05-05 00:00:00',132,'Kyle Francis','mgreer@example.net','professor',16,98),(346,42,26,'2025-08-09 00:00:00','2025-08-09 00:00:00',0,'Jessica Jennings','jenkinssandra@example.com','student',2,'Assignment26','2025-08-03 00:00:00','2025-05-04 00:00:00','2025-08-03 00:00:00','2025-07-31 00:00:00','2025-08-19 00:00:00','2025-08-22 00:00:00','2025-08-26 00:00:00','Intro to Math',132,'2025-05-05 00:00:00',132,'Kyle Francis','mgreer@example.net','professor',10,42),(347,6,26,'2025-08-09 00:00:00','2025-08-10 00:00:00',0,'Linda Morris','ythompson@example.org','student',2,'Assignment26','2025-08-03 00:00:00','2025-05-04 00:00:00','2025-08-03 00:00:00','2025-07-31 00:00:00','2025-08-19 00:00:00','2025-08-22 00:00:00','2025-08-26 00:00:00','Intro to Math',132,'2025-05-05 00:00:00',132,'Kyle Francis','mgreer@example.net','professor',185,6),(348,101,27,'2025-07-25 00:00:00','2025-07-25 00:00:00',88,'Erika Hernandez','rebecca91@example.org','student',7,'Assignment27','2025-07-30 00:00:00','2025-05-10 00:00:00','2025-07-30 00:00:00','2025-07-27 00:00:00','2025-08-12 00:00:00','2025-08-17 00:00:00','2025-08-19 00:00:00','Philosophy 201',121,'2025-05-09 00:00:00',121,'Amber Moses','gherrera@example.net','professor',151,101),(349,50,27,'2025-08-01 00:00:00','2025-08-01 00:00:00',66,'Gary Bruce','rebecca69@example.com','student',7,'Assignment27','2025-07-30 00:00:00','2025-05-10 00:00:00','2025-07-30 00:00:00','2025-07-27 00:00:00','2025-08-12 00:00:00','2025-08-17 00:00:00','2025-08-19 00:00:00','Philosophy 201',121,'2025-05-09 00:00:00',121,'Amber Moses','gherrera@example.net','professor',176,50),(350,2,27,'2025-07-27 00:00:00','2025-07-28 00:00:00',70,'Austin Garcia','whicks@example.net','student',7,'Assignment27','2025-07-30 00:00:00','2025-05-10 00:00:00','2025-07-30 00:00:00','2025-07-27 00:00:00','2025-08-12 00:00:00','2025-08-17 00:00:00','2025-08-19 00:00:00','Philosophy 201',121,'2025-05-09 00:00:00',121,'Amber Moses','gherrera@example.net','professor',221,2),(351,86,27,'2025-07-29 00:00:00','2025-07-29 00:00:00',78,'Tony Kim','valentinekristy@example.com','student',7,'Assignment27','2025-07-30 00:00:00','2025-05-10 00:00:00','2025-07-30 00:00:00','2025-07-27 00:00:00','2025-08-12 00:00:00','2025-08-17 00:00:00','2025-08-19 00:00:00','Philosophy 201',121,'2025-05-09 00:00:00',121,'Amber Moses','gherrera@example.net','professor',158,86),(352,120,27,'2025-07-26 00:00:00','2025-07-26 00:00:00',64,'Laura Lee','kennedyaustin@example.org','student',7,'Assignment27','2025-07-30 00:00:00','2025-05-10 00:00:00','2025-07-30 00:00:00','2025-07-27 00:00:00','2025-08-12 00:00:00','2025-08-17 00:00:00','2025-08-19 00:00:00','Philosophy 201',121,'2025-05-09 00:00:00',121,'Amber Moses','gherrera@example.net','professor',100,120),(353,69,27,'2025-08-01 00:00:00','2025-08-02 00:00:00',65,'Aaron Daniels','wardchristopher@example.org','student',7,'Assignment27','2025-07-30 00:00:00','2025-05-10 00:00:00','2025-07-30 00:00:00','2025-07-27 00:00:00','2025-08-12 00:00:00','2025-08-17 00:00:00','2025-08-19 00:00:00','Philosophy 201',121,'2025-05-09 00:00:00',121,'Amber Moses','gherrera@example.net','professor',203,69),(354,22,27,'2025-08-01 00:00:00','2025-08-02 00:00:00',90,'Joshua Hicks','lynchmark@example.net','student',7,'Assignment27','2025-07-30 00:00:00','2025-05-10 00:00:00','2025-07-30 00:00:00','2025-07-27 00:00:00','2025-08-12 00:00:00','2025-08-17 00:00:00','2025-08-19 00:00:00','Philosophy 201',121,'2025-05-09 00:00:00',121,'Amber Moses','gherrera@example.net','professor',79,22),(355,106,27,'2025-07-27 00:00:00','2025-07-27 00:00:00',76,'Ryan Saunders','christina68@example.net','student',7,'Assignment27','2025-07-30 00:00:00','2025-05-10 00:00:00','2025-07-30 00:00:00','2025-07-27 00:00:00','2025-08-12 00:00:00','2025-08-17 00:00:00','2025-08-19 00:00:00','Philosophy 201',121,'2025-05-09 00:00:00',121,'Amber Moses','gherrera@example.net','professor',154,106),(356,20,27,'2025-08-01 00:00:00','2025-08-01 00:00:00',64,'Melanie Romero','cherylgordon@example.net','student',7,'Assignment27','2025-07-30 00:00:00','2025-05-10 00:00:00','2025-07-30 00:00:00','2025-07-27 00:00:00','2025-08-12 00:00:00','2025-08-17 00:00:00','2025-08-19 00:00:00','Philosophy 201',121,'2025-05-09 00:00:00',121,'Amber Moses','gherrera@example.net','professor',169,20),(357,46,27,'2025-07-27 00:00:00','2025-07-27 00:00:00',48,'Erin Andrews DDS','vancedaniel@example.net','student',7,'Assignment27','2025-07-30 00:00:00','2025-05-10 00:00:00','2025-07-30 00:00:00','2025-07-27 00:00:00','2025-08-12 00:00:00','2025-08-17 00:00:00','2025-08-19 00:00:00','Philosophy 201',121,'2025-05-09 00:00:00',121,'Amber Moses','gherrera@example.net','professor',215,46),(358,71,27,'2025-07-26 00:00:00','2025-07-26 00:00:00',88,'Laurie Hodge','kristinbaker@example.org','student',7,'Assignment27','2025-07-30 00:00:00','2025-05-10 00:00:00','2025-07-30 00:00:00','2025-07-27 00:00:00','2025-08-12 00:00:00','2025-08-17 00:00:00','2025-08-19 00:00:00','Philosophy 201',121,'2025-05-09 00:00:00',121,'Amber Moses','gherrera@example.net','professor',139,71),(359,61,27,'2025-07-25 00:00:00','2025-07-25 00:00:00',45,'Christopher Owens','bartlettsandra@example.com','student',7,'Assignment27','2025-07-30 00:00:00','2025-05-10 00:00:00','2025-07-30 00:00:00','2025-07-27 00:00:00','2025-08-12 00:00:00','2025-08-17 00:00:00','2025-08-19 00:00:00','Philosophy 201',121,'2025-05-09 00:00:00',121,'Amber Moses','gherrera@example.net','professor',163,61),(360,54,28,'2025-07-31 00:00:00','2025-08-01 00:00:00',63,'Sarah Carpenter','stacywilliams@example.com','student',14,'Assignment28','2025-07-31 00:00:00','2025-05-01 00:00:00','2025-07-31 00:00:00','2025-07-28 00:00:00','2025-08-14 00:00:00','2025-08-18 00:00:00','2025-08-20 00:00:00','Intro to Philosophy',122,'2025-05-09 00:00:00',122,'Jesus Salinas','brandonkim@example.net','professor',1,54),(361,96,28,'2025-07-24 00:00:00','2025-07-24 00:00:00',88,'Dr. Shawn Benson','evangarrison@example.com','student',14,'Assignment28','2025-07-31 00:00:00','2025-05-01 00:00:00','2025-07-31 00:00:00','2025-07-28 00:00:00','2025-08-14 00:00:00','2025-08-18 00:00:00','2025-08-20 00:00:00','Intro to Philosophy',122,'2025-05-09 00:00:00',122,'Jesus Salinas','brandonkim@example.net','professor',109,96),(362,92,28,'2025-07-27 00:00:00','2025-07-27 00:00:00',51,'Jake Fisher','kbarker@example.org','student',14,'Assignment28','2025-07-31 00:00:00','2025-05-01 00:00:00','2025-07-31 00:00:00','2025-07-28 00:00:00','2025-08-14 00:00:00','2025-08-18 00:00:00','2025-08-20 00:00:00','Intro to Philosophy',122,'2025-05-09 00:00:00',122,'Jesus Salinas','brandonkim@example.net','professor',55,92),(363,23,28,'2025-07-29 00:00:00','2025-07-29 00:00:00',64,'Lisa Lopez','shannonhoward@example.org','student',14,'Assignment28','2025-07-31 00:00:00','2025-05-01 00:00:00','2025-07-31 00:00:00','2025-07-28 00:00:00','2025-08-14 00:00:00','2025-08-18 00:00:00','2025-08-20 00:00:00','Intro to Philosophy',122,'2025-05-09 00:00:00',122,'Jesus Salinas','brandonkim@example.net','professor',33,23),(364,115,28,'2025-07-25 00:00:00','2025-07-25 00:00:00',90,'Heather Dunn','johnsonalison@example.net','student',14,'Assignment28','2025-07-31 00:00:00','2025-05-01 00:00:00','2025-07-31 00:00:00','2025-07-28 00:00:00','2025-08-14 00:00:00','2025-08-18 00:00:00','2025-08-20 00:00:00','Intro to Philosophy',122,'2025-05-09 00:00:00',122,'Jesus Salinas','brandonkim@example.net','professor',103,115),(365,28,28,'2025-07-27 00:00:00','2025-07-28 00:00:00',41,'Gabriel Brandt','kellycarolyn@example.net','student',14,'Assignment28','2025-07-31 00:00:00','2025-05-01 00:00:00','2025-07-31 00:00:00','2025-07-28 00:00:00','2025-08-14 00:00:00','2025-08-18 00:00:00','2025-08-20 00:00:00','Intro to Philosophy',122,'2025-05-09 00:00:00',122,'Jesus Salinas','brandonkim@example.net','professor',13,28),(366,12,28,'2025-08-02 00:00:00','2025-08-03 00:00:00',66,'Kimberly Freeman','avilajoshua@example.net','student',14,'Assignment28','2025-07-31 00:00:00','2025-05-01 00:00:00','2025-07-31 00:00:00','2025-07-28 00:00:00','2025-08-14 00:00:00','2025-08-18 00:00:00','2025-08-20 00:00:00','Intro to Philosophy',122,'2025-05-09 00:00:00',122,'Jesus Salinas','brandonkim@example.net','professor',46,12),(367,25,28,'2025-07-24 00:00:00','2025-07-25 00:00:00',89,'Dustin Lopez','michaelbradshaw@example.org','student',14,'Assignment28','2025-07-31 00:00:00','2025-05-01 00:00:00','2025-07-31 00:00:00','2025-07-28 00:00:00','2025-08-14 00:00:00','2025-08-18 00:00:00','2025-08-20 00:00:00','Intro to Philosophy',122,'2025-05-09 00:00:00',122,'Jesus Salinas','brandonkim@example.net','professor',134,25),(368,32,28,'2025-08-06 00:00:00','2025-08-07 00:00:00',0,'Stephen Lopez','latoyasullivan@example.org','student',14,'Assignment28','2025-07-31 00:00:00','2025-05-01 00:00:00','2025-07-31 00:00:00','2025-07-28 00:00:00','2025-08-14 00:00:00','2025-08-18 00:00:00','2025-08-20 00:00:00','Intro to Philosophy',122,'2025-05-09 00:00:00',122,'Jesus Salinas','brandonkim@example.net','professor',133,32),(369,62,28,'2025-07-31 00:00:00','2025-08-01 00:00:00',64,'Sonya Mcgee','edwardwalter@example.org','student',14,'Assignment28','2025-07-31 00:00:00','2025-05-01 00:00:00','2025-07-31 00:00:00','2025-07-28 00:00:00','2025-08-14 00:00:00','2025-08-18 00:00:00','2025-08-20 00:00:00','Intro to Philosophy',122,'2025-05-09 00:00:00',122,'Jesus Salinas','brandonkim@example.net','professor',107,62),(370,109,28,'2025-08-04 00:00:00','2025-08-04 00:00:00',61,'Megan Berry','berryronald@example.org','student',14,'Assignment28','2025-07-31 00:00:00','2025-05-01 00:00:00','2025-07-31 00:00:00','2025-07-28 00:00:00','2025-08-14 00:00:00','2025-08-18 00:00:00','2025-08-20 00:00:00','Intro to Philosophy',122,'2025-05-09 00:00:00',122,'Jesus Salinas','brandonkim@example.net','professor',27,109),(371,50,28,'2025-07-26 00:00:00','2025-07-26 00:00:00',60,'Gary Bruce','rebecca69@example.com','student',14,'Assignment28','2025-07-31 00:00:00','2025-05-01 00:00:00','2025-07-31 00:00:00','2025-07-28 00:00:00','2025-08-14 00:00:00','2025-08-18 00:00:00','2025-08-20 00:00:00','Intro to Philosophy',122,'2025-05-09 00:00:00',122,'Jesus Salinas','brandonkim@example.net','professor',175,50),(372,38,28,'2025-07-27 00:00:00','2025-07-27 00:00:00',88,'Jennifer Powell','valerie31@example.org','student',14,'Assignment28','2025-07-31 00:00:00','2025-05-01 00:00:00','2025-07-31 00:00:00','2025-07-28 00:00:00','2025-08-14 00:00:00','2025-08-18 00:00:00','2025-08-20 00:00:00','Intro to Philosophy',122,'2025-05-09 00:00:00',122,'Jesus Salinas','brandonkim@example.net','professor',61,38),(373,110,28,'2025-07-25 00:00:00','2025-07-25 00:00:00',89,'Justin Gomez','masonrobert@example.org','student',14,'Assignment28','2025-07-31 00:00:00','2025-05-01 00:00:00','2025-07-31 00:00:00','2025-07-28 00:00:00','2025-08-14 00:00:00','2025-08-18 00:00:00','2025-08-20 00:00:00','Intro to Philosophy',122,'2025-05-09 00:00:00',122,'Jesus Salinas','brandonkim@example.net','professor',122,110),(374,20,28,'2025-07-24 00:00:00','2025-07-25 00:00:00',62,'Melanie Romero','cherylgordon@example.net','student',14,'Assignment28','2025-07-31 00:00:00','2025-05-01 00:00:00','2025-07-31 00:00:00','2025-07-28 00:00:00','2025-08-14 00:00:00','2025-08-18 00:00:00','2025-08-20 00:00:00','Intro to Philosophy',122,'2025-05-09 00:00:00',122,'Jesus Salinas','brandonkim@example.net','professor',171,20),(375,58,28,'2025-07-24 00:00:00','2025-07-25 00:00:00',83,'Reginald Mitchell','john68@example.com','student',14,'Assignment28','2025-07-31 00:00:00','2025-05-01 00:00:00','2025-07-31 00:00:00','2025-07-28 00:00:00','2025-08-14 00:00:00','2025-08-18 00:00:00','2025-08-20 00:00:00','Intro to Philosophy',122,'2025-05-09 00:00:00',122,'Jesus Salinas','brandonkim@example.net','professor',47,58),(376,99,29,'2025-07-29 00:00:00','2025-07-30 00:00:00',56,'Tracy Kramer','ddavis@example.com','student',1,'Assignment29','2025-07-24 00:00:00','2025-05-02 00:00:00','2025-07-24 00:00:00','2025-07-21 00:00:00','2025-08-06 00:00:00','2025-08-08 00:00:00','2025-08-12 00:00:00','Economics 201',123,'2025-05-06 00:00:00',123,'Joshua Adams','timothyholden@example.com','professor',145,99),(377,64,29,'2025-07-20 00:00:00','2025-07-20 00:00:00',95,'Howard Knight','alexishernandez@example.net','student',1,'Assignment29','2025-07-24 00:00:00','2025-05-02 00:00:00','2025-07-24 00:00:00','2025-07-21 00:00:00','2025-08-06 00:00:00','2025-08-08 00:00:00','2025-08-12 00:00:00','Economics 201',123,'2025-05-06 00:00:00',123,'Joshua Adams','timothyholden@example.com','professor',160,64),(378,95,29,'2025-07-18 00:00:00','2025-07-18 00:00:00',42,'Jeremy Johnson','heather06@example.com','student',1,'Assignment29','2025-07-24 00:00:00','2025-05-02 00:00:00','2025-07-24 00:00:00','2025-07-21 00:00:00','2025-08-06 00:00:00','2025-08-08 00:00:00','2025-08-12 00:00:00','Economics 201',123,'2025-05-06 00:00:00',123,'Joshua Adams','timothyholden@example.com','professor',220,95),(379,84,29,'2025-07-20 00:00:00','2025-07-20 00:00:00',62,'Martin Nichols','wmartin@example.com','student',1,'Assignment29','2025-07-24 00:00:00','2025-05-02 00:00:00','2025-07-24 00:00:00','2025-07-21 00:00:00','2025-08-06 00:00:00','2025-08-08 00:00:00','2025-08-12 00:00:00','Economics 201',123,'2025-05-06 00:00:00',123,'Joshua Adams','timothyholden@example.com','professor',211,84),(380,94,29,'2025-07-24 00:00:00','2025-07-24 00:00:00',90,'Deborah Odonnell','normapineda@example.org','student',1,'Assignment29','2025-07-24 00:00:00','2025-05-02 00:00:00','2025-07-24 00:00:00','2025-07-21 00:00:00','2025-08-06 00:00:00','2025-08-08 00:00:00','2025-08-12 00:00:00','Economics 201',123,'2025-05-06 00:00:00',123,'Joshua Adams','timothyholden@example.com','professor',218,94),(381,105,29,'2025-07-27 00:00:00','2025-07-27 00:00:00',61,'Amanda Castillo','carrilloamanda@example.org','student',1,'Assignment29','2025-07-24 00:00:00','2025-05-02 00:00:00','2025-07-24 00:00:00','2025-07-21 00:00:00','2025-08-06 00:00:00','2025-08-08 00:00:00','2025-08-12 00:00:00','Economics 201',123,'2025-05-06 00:00:00',123,'Joshua Adams','timothyholden@example.com','professor',124,105),(382,39,29,'2025-07-29 00:00:00','2025-07-30 00:00:00',29,'Jesse French','georgemichael@example.com','student',1,'Assignment29','2025-07-24 00:00:00','2025-05-02 00:00:00','2025-07-24 00:00:00','2025-07-21 00:00:00','2025-08-06 00:00:00','2025-08-08 00:00:00','2025-08-12 00:00:00','Economics 201',123,'2025-05-06 00:00:00',123,'Joshua Adams','timothyholden@example.com','professor',96,39),(383,8,29,'2025-07-25 00:00:00','2025-07-26 00:00:00',72,'Brian Yang','kbrown@example.com','student',1,'Assignment29','2025-07-24 00:00:00','2025-05-02 00:00:00','2025-07-24 00:00:00','2025-07-21 00:00:00','2025-08-06 00:00:00','2025-08-08 00:00:00','2025-08-12 00:00:00','Economics 201',123,'2025-05-06 00:00:00',123,'Joshua Adams','timothyholden@example.com','professor',99,8),(384,102,29,'2025-07-28 00:00:00','2025-07-29 00:00:00',51,'Matthew Bailey','sfuller@example.org','student',1,'Assignment29','2025-07-24 00:00:00','2025-05-02 00:00:00','2025-07-24 00:00:00','2025-07-21 00:00:00','2025-08-06 00:00:00','2025-08-08 00:00:00','2025-08-12 00:00:00','Economics 201',123,'2025-05-06 00:00:00',123,'Joshua Adams','timothyholden@example.com','professor',205,102),(385,30,29,'2025-07-29 00:00:00','2025-07-30 00:00:00',40,'Parker Wiley','daniellegutierrez@example.org','student',1,'Assignment29','2025-07-24 00:00:00','2025-05-02 00:00:00','2025-07-24 00:00:00','2025-07-21 00:00:00','2025-08-06 00:00:00','2025-08-08 00:00:00','2025-08-12 00:00:00','Economics 201',123,'2025-05-06 00:00:00',123,'Joshua Adams','timothyholden@example.com','professor',227,30),(386,16,29,'2025-07-22 00:00:00','2025-07-22 00:00:00',95,'Jason Roberson','carolynsloan@example.org','student',1,'Assignment29','2025-07-24 00:00:00','2025-05-02 00:00:00','2025-07-24 00:00:00','2025-07-21 00:00:00','2025-08-06 00:00:00','2025-08-08 00:00:00','2025-08-12 00:00:00','Economics 201',123,'2025-05-06 00:00:00',123,'Joshua Adams','timothyholden@example.com','professor',5,16),(387,114,29,'2025-07-22 00:00:00','2025-07-23 00:00:00',90,'Dennis Richards','christopherwhite@example.org','student',1,'Assignment29','2025-07-24 00:00:00','2025-05-02 00:00:00','2025-07-24 00:00:00','2025-07-21 00:00:00','2025-08-06 00:00:00','2025-08-08 00:00:00','2025-08-12 00:00:00','Economics 201',123,'2025-05-06 00:00:00',123,'Joshua Adams','timothyholden@example.com','professor',53,114),(388,62,29,'2025-07-20 00:00:00','2025-07-21 00:00:00',99,'Sonya Mcgee','edwardwalter@example.org','student',1,'Assignment29','2025-07-24 00:00:00','2025-05-02 00:00:00','2025-07-24 00:00:00','2025-07-21 00:00:00','2025-08-06 00:00:00','2025-08-08 00:00:00','2025-08-12 00:00:00','Economics 201',123,'2025-05-06 00:00:00',123,'Joshua Adams','timothyholden@example.com','professor',106,62),(389,15,29,'2025-07-28 00:00:00','2025-07-29 00:00:00',77,'Jasmine Campbell','chambersdonna@example.net','student',1,'Assignment29','2025-07-24 00:00:00','2025-05-02 00:00:00','2025-07-24 00:00:00','2025-07-21 00:00:00','2025-08-06 00:00:00','2025-08-08 00:00:00','2025-08-12 00:00:00','Economics 201',123,'2025-05-06 00:00:00',123,'Joshua Adams','timothyholden@example.com','professor',77,15),(390,120,29,'2025-07-30 00:00:00','2025-07-31 00:00:00',0,'Laura Lee','kennedyaustin@example.org','student',1,'Assignment29','2025-07-24 00:00:00','2025-05-02 00:00:00','2025-07-24 00:00:00','2025-07-21 00:00:00','2025-08-06 00:00:00','2025-08-08 00:00:00','2025-08-12 00:00:00','Economics 201',123,'2025-05-06 00:00:00',123,'Joshua Adams','timothyholden@example.com','professor',101,120),(391,81,29,'2025-07-30 00:00:00','2025-07-31 00:00:00',0,'Sara Chung','llogan@example.net','student',1,'Assignment29','2025-07-24 00:00:00','2025-05-02 00:00:00','2025-07-24 00:00:00','2025-07-21 00:00:00','2025-08-06 00:00:00','2025-08-08 00:00:00','2025-08-12 00:00:00','Economics 201',123,'2025-05-06 00:00:00',123,'Joshua Adams','timothyholden@example.com','professor',223,81),(392,43,29,'2025-07-23 00:00:00','2025-07-24 00:00:00',82,'Jessica Hood','dawsonkimberly@example.org','student',1,'Assignment29','2025-07-24 00:00:00','2025-05-02 00:00:00','2025-07-24 00:00:00','2025-07-21 00:00:00','2025-08-06 00:00:00','2025-08-08 00:00:00','2025-08-12 00:00:00','Economics 201',123,'2025-05-06 00:00:00',123,'Joshua Adams','timothyholden@example.com','professor',197,43),(393,36,29,'2025-07-20 00:00:00','2025-07-20 00:00:00',74,'Brett Nixon','alexandra68@example.com','student',1,'Assignment29','2025-07-24 00:00:00','2025-05-02 00:00:00','2025-07-24 00:00:00','2025-07-21 00:00:00','2025-08-06 00:00:00','2025-08-08 00:00:00','2025-08-12 00:00:00','Economics 201',123,'2025-05-06 00:00:00',123,'Joshua Adams','timothyholden@example.com','professor',39,36),(394,120,30,'2025-07-31 00:00:00','2025-08-01 00:00:00',70,'Laura Lee','kennedyaustin@example.org','student',10,'Assignment30','2025-07-31 00:00:00','2025-05-04 00:00:00','2025-07-31 00:00:00','2025-07-28 00:00:00','2025-08-13 00:00:00','2025-08-19 00:00:00','2025-08-24 00:00:00','Advanced Philosophy',128,'2025-05-08 00:00:00',128,'Stacey Gill','nwarner@example.org','professor',102,120),(395,84,30,'2025-08-01 00:00:00','2025-08-02 00:00:00',84,'Martin Nichols','wmartin@example.com','student',10,'Assignment30','2025-07-31 00:00:00','2025-05-04 00:00:00','2025-07-31 00:00:00','2025-07-28 00:00:00','2025-08-13 00:00:00','2025-08-19 00:00:00','2025-08-24 00:00:00','Advanced Philosophy',128,'2025-05-08 00:00:00',128,'Stacey Gill','nwarner@example.org','professor',210,84),(396,36,30,'2025-08-06 00:00:00','2025-08-07 00:00:00',0,'Brett Nixon','alexandra68@example.com','student',10,'Assignment30','2025-07-31 00:00:00','2025-05-04 00:00:00','2025-07-31 00:00:00','2025-07-28 00:00:00','2025-08-13 00:00:00','2025-08-19 00:00:00','2025-08-24 00:00:00','Advanced Philosophy',128,'2025-05-08 00:00:00',128,'Stacey Gill','nwarner@example.org','professor',40,36),(397,68,30,'2025-07-31 00:00:00','2025-07-31 00:00:00',92,'Dana Ewing','jacobharris@example.net','student',10,'Assignment30','2025-07-31 00:00:00','2025-05-04 00:00:00','2025-07-31 00:00:00','2025-07-28 00:00:00','2025-08-13 00:00:00','2025-08-19 00:00:00','2025-08-24 00:00:00','Advanced Philosophy',128,'2025-05-08 00:00:00',128,'Stacey Gill','nwarner@example.org','professor',3,68),(398,94,30,'2025-08-02 00:00:00','2025-08-02 00:00:00',41,'Deborah Odonnell','normapineda@example.org','student',10,'Assignment30','2025-07-31 00:00:00','2025-05-04 00:00:00','2025-07-31 00:00:00','2025-07-28 00:00:00','2025-08-13 00:00:00','2025-08-19 00:00:00','2025-08-24 00:00:00','Advanced Philosophy',128,'2025-05-08 00:00:00',128,'Stacey Gill','nwarner@example.org','professor',219,94),(399,118,30,'2025-07-27 00:00:00','2025-07-27 00:00:00',62,'Matthew Smith','lisa05@example.com','student',10,'Assignment30','2025-07-31 00:00:00','2025-05-04 00:00:00','2025-07-31 00:00:00','2025-07-28 00:00:00','2025-08-13 00:00:00','2025-08-19 00:00:00','2025-08-24 00:00:00','Advanced Philosophy',128,'2025-05-08 00:00:00',128,'Stacey Gill','nwarner@example.org','professor',138,118),(400,22,30,'2025-07-31 00:00:00','2025-08-01 00:00:00',54,'Joshua Hicks','lynchmark@example.net','student',10,'Assignment30','2025-07-31 00:00:00','2025-05-04 00:00:00','2025-07-31 00:00:00','2025-07-28 00:00:00','2025-08-13 00:00:00','2025-08-19 00:00:00','2025-08-24 00:00:00','Advanced Philosophy',128,'2025-05-08 00:00:00',128,'Stacey Gill','nwarner@example.org','professor',80,22),(401,9,30,'2025-07-28 00:00:00','2025-07-29 00:00:00',71,'Laura Whitehead','pamelaaguirre@example.org','student',10,'Assignment30','2025-07-31 00:00:00','2025-05-04 00:00:00','2025-07-31 00:00:00','2025-07-28 00:00:00','2025-08-13 00:00:00','2025-08-19 00:00:00','2025-08-24 00:00:00','Advanced Philosophy',128,'2025-05-08 00:00:00',128,'Stacey Gill','nwarner@example.org','professor',51,9),(402,80,30,'2025-08-02 00:00:00','2025-08-02 00:00:00',37,'Michael Hays','kenneth81@example.org','student',10,'Assignment30','2025-07-31 00:00:00','2025-05-04 00:00:00','2025-07-31 00:00:00','2025-07-28 00:00:00','2025-08-13 00:00:00','2025-08-19 00:00:00','2025-08-24 00:00:00','Advanced Philosophy',128,'2025-05-08 00:00:00',128,'Stacey Gill','nwarner@example.org','professor',86,80),(403,21,30,'2025-08-01 00:00:00','2025-08-02 00:00:00',77,'Joshua Smith','gknight@example.net','student',10,'Assignment30','2025-07-31 00:00:00','2025-05-04 00:00:00','2025-07-31 00:00:00','2025-07-28 00:00:00','2025-08-13 00:00:00','2025-08-19 00:00:00','2025-08-24 00:00:00','Advanced Philosophy',128,'2025-05-08 00:00:00',128,'Stacey Gill','nwarner@example.org','professor',91,21);
/*!40000 ALTER TABLE `combined_data` ENABLE KEYS */;
UNLOCK TABLES;

--
-- Table structure for table `courses`
--

DROP TABLE IF EXISTS `courses`;
/*!40101 SET @saved_cs_client     = @@character_set_client */;
/*!50503 SET character_set_client = utf8mb4 */;
CREATE TABLE `courses` (
  `course_id` int NOT NULL,
  `course_name` varchar(100) DEFAULT NULL,
  `professor_id` int DEFAULT NULL,
  `start_date` date DEFAULT NULL,
  PRIMARY KEY (`course_id`),
  KEY `professor_id` (`professor_id`),
  CONSTRAINT `courses_ibfk_1` FOREIGN KEY (`professor_id`) REFERENCES `users` (`user_id`)
) ENGINE=InnoDB DEFAULT CHARSET=utf8mb4 COLLATE=utf8mb4_0900_ai_ci;
/*!40101 SET character_set_client = @saved_cs_client */;

--
-- Dumping data for table `courses`
--

LOCK TABLES `courses` WRITE;
/*!40000 ALTER TABLE `courses` DISABLE KEYS */;
INSERT INTO `courses` VALUES (1,'Foundations of Physics',122,'2025-04-30'),(2,'Physics 201',126,'2025-05-04'),(3,'Biology 301',125,'2025-05-09'),(4,'Intro to Chemistry',126,'2025-05-05'),(5,'Chemistry 101',125,'2025-05-01'),(6,'Foundations of Chemistry',132,'2025-04-30'),(7,'Math 301',132,'2025-05-02'),(8,'Philosophy 101',131,'2025-05-09'),(9,'Economics 301',127,'2025-05-06'),(10,'Art 101',130,'2025-05-08'),(11,'Biology 201',122,'2025-05-04'),(12,'History 101',131,'2025-05-08'),(13,'History 301',130,'2025-05-03'),(14,'Math 201',121,'2025-05-03'),(15,'Intro to Physics',129,'2025-05-05');
/*!40000 ALTER TABLE `courses` ENABLE KEYS */;
UNLOCK TABLES;

--
-- Table structure for table `deadlines`
--

DROP TABLE IF EXISTS `deadlines`;
/*!40101 SET @saved_cs_client     = @@character_set_client */;
/*!50503 SET character_set_client = utf8mb4 */;
CREATE TABLE `deadlines` (
  `assignment_id` int NOT NULL,
  `due_date` date DEFAULT NULL,
  `reminder_date` date DEFAULT NULL,
  PRIMARY KEY (`assignment_id`),
  CONSTRAINT `deadlines_ibfk_1` FOREIGN KEY (`assignment_id`) REFERENCES `assignments` (`assignment_id`)
) ENGINE=InnoDB DEFAULT CHARSET=utf8mb4 COLLATE=utf8mb4_0900_ai_ci;
/*!40101 SET character_set_client = @saved_cs_client */;

--
-- Dumping data for table `deadlines`
--

LOCK TABLES `deadlines` WRITE;
/*!40000 ALTER TABLE `deadlines` DISABLE KEYS */;
INSERT INTO `deadlines` VALUES (1,'2025-07-29','2025-07-26'),(2,'2025-07-18','2025-07-15'),(3,'2025-08-02','2025-07-30'),(4,'2025-07-26','2025-07-23'),(5,'2025-07-22','2025-07-19'),(6,'2025-08-04','2025-08-01'),(7,'2025-07-27','2025-07-24'),(8,'2025-07-30','2025-07-27'),(9,'2025-08-01','2025-07-29'),(10,'2025-07-28','2025-07-25'),(11,'2025-08-02','2025-07-30'),(12,'2025-07-29','2025-07-26'),(13,'2025-07-31','2025-07-28'),(14,'2025-07-26','2025-07-23'),(15,'2025-07-21','2025-07-18'),(16,'2025-07-28','2025-07-25'),(17,'2025-08-02','2025-07-30'),(18,'2025-07-24','2025-07-21'),(19,'2025-07-30','2025-07-27'),(20,'2025-07-26','2025-07-23'),(21,'2025-07-16','2025-07-13'),(22,'2025-07-31','2025-07-28'),(23,'2025-07-21','2025-07-18'),(24,'2025-07-21','2025-07-18'),(25,'2025-07-23','2025-07-20'),(26,'2025-08-07','2025-08-04'),(27,'2025-07-18','2025-07-15'),(28,'2025-07-26','2025-07-23'),(29,'2025-07-21','2025-07-18'),(30,'2025-07-26','2025-07-23');
/*!40000 ALTER TABLE `deadlines` ENABLE KEYS */;
UNLOCK TABLES;

--
-- Table structure for table `enrollments`
--

DROP TABLE IF EXISTS `enrollments`;
/*!40101 SET @saved_cs_client     = @@character_set_client */;
/*!50503 SET character_set_client = utf8mb4 */;
CREATE TABLE `enrollments` (
  `enrollment_id` int NOT NULL,
  `student_id` int DEFAULT NULL,
  `course_id` int DEFAULT NULL,
  PRIMARY KEY (`enrollment_id`),
  KEY `student_id` (`student_id`),
  KEY `course_id` (`course_id`),
  CONSTRAINT `enrollments_ibfk_1` FOREIGN KEY (`student_id`) REFERENCES `users` (`user_id`),
  CONSTRAINT `enrollments_ibfk_2` FOREIGN KEY (`course_id`) REFERENCES `courses` (`course_id`)
) ENGINE=InnoDB DEFAULT CHARSET=utf8mb4 COLLATE=utf8mb4_0900_ai_ci;
/*!40101 SET character_set_client = @saved_cs_client */;

--
-- Dumping data for table `enrollments`
--

LOCK TABLES `enrollments` WRITE;
/*!40000 ALTER TABLE `enrollments` DISABLE KEYS */;
INSERT INTO `enrollments` VALUES (1,118,8),(2,118,15),(3,118,6),(4,119,12),(5,93,1),(6,106,9),(7,42,15),(8,13,6),(9,13,8),(10,13,7),(11,65,15),(12,65,3),(13,65,14),(14,17,8),(15,17,9),(16,70,2),(17,70,15),(18,70,3),(19,43,4),(20,43,10),(21,43,7),(22,28,12),(23,28,5),(24,63,14),(25,63,4),(26,63,13),(27,101,12),(28,96,4),(29,112,13),(30,7,2),(31,7,10),(32,82,8),(33,82,1),(34,82,10),(35,66,11),(36,120,2),(37,120,11),(38,120,15),(39,40,13),(40,40,14),(41,40,1),(42,115,15),(43,115,8),(44,115,9),(45,92,4),(46,92,3),(47,92,15),(48,37,11),(49,37,6),(50,37,3),(51,18,1),(52,30,3),(53,5,11),(54,5,12),(55,79,11),(56,79,14),(57,19,10),(58,10,8),(59,102,10),(60,102,5),(61,102,11),(62,47,2),(63,47,14),(64,47,1),(65,83,1),(66,83,6),(67,83,11),(68,16,11),(69,49,15),(70,49,3),(71,49,14),(72,55,15),(73,2,8),(74,2,5),(75,78,8),(76,78,6),(77,78,9),(78,12,1),(79,12,13),(80,67,6),(81,67,13),(82,64,12),(83,64,14),(84,64,8),(85,108,11),(86,108,7),(87,108,9),(88,76,13),(89,71,10),(90,71,1),(91,71,7),(92,110,3),(93,54,4),(94,54,14),(95,54,3),(96,20,12),(97,20,14),(98,89,14),(99,89,4),(100,89,2),(101,61,10),(102,84,14),(103,39,2),(104,39,11),(105,114,1),(106,114,5),(107,117,6),(108,9,12),(109,9,9),(110,27,5),(111,99,6),(112,99,10),(113,99,7),(114,24,11),(115,100,4),(116,15,14),(117,15,11),(118,15,12),(119,22,14),(120,11,1),(121,56,7),(122,56,9),(123,56,14),(124,50,15),(125,50,7),(126,60,9),(127,60,3),(128,88,13),(129,6,2),(130,111,14),(131,111,2),(132,97,12),(133,97,4),(134,23,11),(135,95,2),(136,29,8),(137,29,3),(138,72,13),(139,72,3),(140,72,11),(141,85,7),(142,104,9),(143,104,1),(144,69,14),(145,113,15),(146,4,13),(147,4,2),(148,87,12),(149,34,3),(150,116,9),(151,116,7),(152,48,5),(153,44,10),(154,44,1),(155,31,8),(156,31,13),(157,31,1),(158,98,8),(159,45,15),(160,8,13),(161,8,9),(162,41,11),(163,41,9),(164,62,14),(165,62,1),(166,52,1),(167,52,3),(168,91,2),(169,91,9),(170,105,1),(171,105,9),(172,75,14),(173,103,12),(174,103,7),(175,32,12),(176,32,1),(177,32,2),(178,74,11),(179,74,3),(180,58,7),(181,58,2),(182,46,9),(183,46,3),(184,53,8),(185,53,9),(186,53,12),(187,25,11),(188,25,13),(189,68,10),(190,90,8),(191,38,1),(192,38,9),(193,38,10),(194,80,2),(195,80,5),(196,107,12),(197,107,5),(198,1,8),(199,21,3),(200,21,13),(201,21,12),(202,94,15),(203,94,10),(204,36,2),(205,14,1),(206,3,11),(207,3,6),(208,3,5),(209,109,12),(210,109,4),(211,109,11),(212,73,1),(213,73,4),(214,73,9),(215,51,7),(216,51,5),(217,51,6),(218,57,4),(219,57,13),(220,86,3),(221,86,12),(222,86,1),(223,33,7),(224,33,8),(225,77,12),(226,77,10),(227,77,15),(228,26,14),(229,59,11),(230,59,10),(231,59,5),(232,81,7),(233,35,1),(234,35,9),(235,35,8);
/*!40000 ALTER TABLE `enrollments` ENABLE KEYS */;
UNLOCK TABLES;

--
-- Table structure for table `submissions`
--

DROP TABLE IF EXISTS `submissions`;
/*!40101 SET @saved_cs_client     = @@character_set_client */;
/*!50503 SET character_set_client = utf8mb4 */;
CREATE TABLE `submissions` (
  `submission_id` int NOT NULL,
  `user_id` int DEFAULT NULL,
  `assignment_id` int DEFAULT NULL,
  `submission_date` date DEFAULT NULL,
  `grade` int DEFAULT NULL,
  PRIMARY KEY (`submission_id`),
  KEY `user_id` (`user_id`),
  KEY `assignment_id` (`assignment_id`),
  CONSTRAINT `submissions_ibfk_1` FOREIGN KEY (`user_id`) REFERENCES `users` (`user_id`),
  CONSTRAINT `submissions_ibfk_2` FOREIGN KEY (`assignment_id`) REFERENCES `assignments` (`assignment_id`)
) ENGINE=InnoDB DEFAULT CHARSET=utf8mb4 COLLATE=utf8mb4_0900_ai_ci;
/*!40101 SET character_set_client = @saved_cs_client */;

--
-- Dumping data for table `submissions`
--

LOCK TABLES `submissions` WRITE;
/*!40000 ALTER TABLE `submissions` DISABLE KEYS */;
INSERT INTO `submissions` VALUES (1,112,1,'2025-07-26',81),(2,4,1,'2025-08-03',37),(3,63,1,'2025-07-26',63),(4,31,1,'2025-07-27',96),(5,72,1,'2025-08-01',67),(6,76,1,'2025-07-25',91),(7,25,1,'2025-07-31',72),(8,57,1,'2025-08-01',65),(9,21,1,'2025-07-29',97),(10,40,1,'2025-07-28',63),(11,8,1,'2025-07-27',53),(12,12,1,'2025-08-01',48),(13,80,2,'2025-07-14',42),(14,3,2,'2025-07-13',79),(15,27,2,'2025-07-13',91),(16,28,2,'2025-07-11',90),(17,48,2,'2025-07-18',95),(18,59,2,'2025-07-19',64),(19,2,2,'2025-07-13',93),(20,114,2,'2025-07-24',0),(21,107,2,'2025-07-12',51),(22,110,3,'2025-07-30',84),(23,21,3,'2025-07-31',86),(24,92,3,'2025-08-01',56),(25,52,3,'2025-07-27',98),(26,74,3,'2025-07-30',44),(27,46,3,'2025-08-02',57),(28,54,3,'2025-08-08',0),(29,49,3,'2025-07-27',53),(30,30,3,'2025-08-01',42),(31,29,3,'2025-08-08',0),(32,72,3,'2025-08-01',46),(33,86,3,'2025-07-29',57),(34,34,3,'2025-08-05',50),(35,81,4,'2025-07-22',64),(36,71,4,'2025-07-30',28),(37,58,4,'2025-07-26',85),(38,13,4,'2025-07-23',92),(39,99,4,'2025-08-01',0),(40,56,4,'2025-08-01',0),(41,108,4,'2025-07-30',65),(42,51,4,'2025-08-01',0),(43,103,4,'2025-07-19',71),(44,116,4,'2025-07-31',39),(45,43,4,'2025-07-20',46),(46,50,4,'2025-07-24',83),(47,85,4,'2025-07-28',74),(48,33,4,'2025-07-23',100),(49,57,5,'2025-07-22',87),(50,54,5,'2025-07-19',47),(51,100,5,'2025-07-24',31),(52,97,5,'2025-07-19',55),(53,43,5,'2025-07-23',50),(54,63,5,'2025-07-18',57),(55,109,5,'2025-07-16',54),(56,96,5,'2025-07-16',59),(57,29,6,'2025-07-29',51),(58,74,6,'2025-08-05',73),(59,37,6,'2025-07-31',76),(60,30,6,'2025-08-03',90),(61,86,6,'2025-07-28',74),(62,72,6,'2025-08-10',0),(63,54,6,'2025-07-29',91),(64,70,6,'2025-08-10',0),(65,21,6,'2025-07-31',66),(66,46,6,'2025-08-09',73),(67,34,6,'2025-08-06',71),(68,110,6,'2025-08-08',75),(69,92,6,'2025-08-04',62),(70,65,6,'2025-08-03',63),(71,60,6,'2025-08-08',48),(72,52,6,'2025-08-05',72),(73,49,6,'2025-08-03',69),(74,15,7,'2025-07-20',59),(75,84,7,'2025-07-27',60),(76,111,7,'2025-07-31',77),(77,69,7,'2025-07-21',86),(78,62,7,'2025-07-27',70),(79,47,7,'2025-07-29',70),(80,40,7,'2025-07-27',48),(81,56,7,'2025-07-24',58),(82,22,7,'2025-07-31',22),(83,54,7,'2025-07-27',53),(84,26,7,'2025-07-26',42),(85,79,7,'2025-07-30',38),(86,20,7,'2025-07-20',52),(87,49,7,'2025-07-29',71),(88,75,7,'2025-07-24',40),(89,54,8,'2025-07-29',46),(90,92,8,'2025-07-25',79),(91,73,8,'2025-07-28',66),(92,100,8,'2025-07-30',79),(93,96,8,'2025-07-29',42),(94,109,8,'2025-07-31',38),(95,43,8,'2025-07-27',41),(96,97,8,'2025-08-04',38),(97,63,8,'2025-08-01',89),(98,57,8,'2025-08-03',72),(99,89,8,'2025-07-30',86),(100,54,9,'2025-07-27',89),(101,34,9,'2025-08-07',0),(102,86,9,'2025-07-25',55),(103,70,9,'2025-07-31',89),(104,65,9,'2025-08-01',78),(105,110,9,'2025-07-30',55),(106,21,9,'2025-08-03',45),(107,72,9,'2025-07-28',74),(108,49,9,'2025-07-27',47),(109,37,9,'2025-08-02',67),(110,92,9,'2025-08-01',64),(111,46,9,'2025-07-29',100),(112,15,10,'2025-07-23',92),(113,22,10,'2025-07-31',41),(114,20,10,'2025-07-30',51),(115,26,10,'2025-07-24',92),(116,75,10,'2025-07-24',43),(117,65,10,'2025-07-22',84),(118,49,10,'2025-07-26',60),(119,69,10,'2025-07-31',57),(120,64,10,'2025-08-03',0),(121,84,10,'2025-07-25',61),(122,79,10,'2025-07-26',56),(123,54,10,'2025-08-03',0),(124,63,10,'2025-07-30',49),(125,56,10,'2025-07-31',30),(126,111,10,'2025-08-03',0),(127,62,10,'2025-07-27',66),(128,40,10,'2025-08-03',0),(129,47,11,'2025-08-03',83),(130,22,11,'2025-07-29',91),(131,111,11,'2025-08-03',78),(132,69,11,'2025-08-02',54),(133,20,11,'2025-07-28',75),(134,64,11,'2025-08-02',75),(135,49,11,'2025-07-29',46),(136,15,11,'2025-07-31',79),(137,62,11,'2025-08-07',33),(138,79,11,'2025-08-02',95),(139,26,11,'2025-07-28',91),(140,63,11,'2025-08-03',44),(141,84,11,'2025-08-01',60),(142,40,11,'2025-07-31',93),(143,89,11,'2025-07-26',61),(144,56,11,'2025-07-27',93),(145,99,12,'2025-07-24',83),(146,78,12,'2025-07-27',99),(147,118,12,'2025-08-01',80),(148,37,12,'2025-07-27',80),(149,13,12,'2025-07-28',58),(150,83,12,'2025-07-24',41),(151,117,12,'2025-07-30',79),(152,21,13,'2025-08-05',60),(153,72,13,'2025-08-06',0),(154,54,13,'2025-08-05',63),(155,30,13,'2025-07-24',71),(156,29,13,'2025-08-02',65),(157,74,13,'2025-07-27',78),(158,60,13,'2025-07-24',70),(159,110,13,'2025-08-06',0),(160,46,13,'2025-08-02',70),(161,65,13,'2025-08-06',0),(162,34,13,'2025-07-29',61),(163,86,13,'2025-08-01',73),(164,70,13,'2025-08-06',0),(165,92,13,'2025-08-02',71),(166,37,13,'2025-07-26',60),(167,49,13,'2025-07-25',72),(168,52,13,'2025-07-30',92),(169,28,14,'2025-07-30',33),(170,2,14,'2025-07-25',64),(171,59,14,'2025-07-30',42),(172,114,14,'2025-07-22',97),(173,80,14,'2025-07-20',96),(174,107,14,'2025-07-21',96),(175,51,14,'2025-07-24',90),(176,3,14,'2025-07-30',52),(177,27,14,'2025-07-24',78),(178,48,14,'2025-07-31',67),(179,102,14,'2025-07-27',58),(180,25,15,'2025-07-22',81),(181,57,15,'2025-07-18',78),(182,40,15,'2025-07-15',75),(183,12,15,'2025-07-27',0),(184,8,15,'2025-07-21',95),(185,4,15,'2025-07-25',58),(186,76,15,'2025-07-17',42),(187,112,15,'2025-07-21',100),(188,72,15,'2025-07-18',93),(189,88,15,'2025-07-16',48),(190,67,15,'2025-07-24',40),(191,21,15,'2025-07-19',56),(192,31,15,'2025-07-17',82),(193,22,16,'2025-07-26',72),(194,84,16,'2025-07-22',94),(195,56,16,'2025-07-22',78),(196,89,16,'2025-07-23',44),(197,26,16,'2025-07-28',88),(198,64,16,'2025-07-24',91),(199,79,16,'2025-07-31',52),(200,15,16,'2025-08-02',36),(201,54,16,'2025-07-29',63),(202,69,16,'2025-07-29',92),(203,63,16,'2025-07-21',95),(204,75,16,'2025-07-21',84),(205,62,16,'2025-07-22',62),(206,47,16,'2025-07-23',50),(207,40,16,'2025-07-31',27),(208,20,16,'2025-07-26',61),(209,100,17,'2025-08-06',39),(210,63,17,'2025-07-30',56),(211,97,17,'2025-07-27',55),(212,73,17,'2025-07-30',88),(213,89,17,'2025-08-05',85),(214,96,17,'2025-07-31',68),(215,92,17,'2025-08-03',44),(216,109,17,'2025-08-07',69),(217,43,17,'2025-08-03',67),(218,57,17,'2025-08-01',75),(219,118,18,'2025-07-27',70),(220,120,18,'2025-07-25',79),(221,50,18,'2025-07-28',60),(222,70,18,'2025-07-27',41),(223,55,18,'2025-07-27',65),(224,42,18,'2025-07-19',55),(225,92,18,'2025-07-23',90),(226,77,18,'2025-07-30',0),(227,49,18,'2025-07-18',92),(228,28,19,'2025-08-03',38),(229,114,19,'2025-07-31',81),(230,48,19,'2025-07-24',66),(231,102,19,'2025-07-31',72),(232,80,19,'2025-08-03',52),(233,3,19,'2025-07-25',51),(234,59,19,'2025-07-30',90),(235,107,19,'2025-08-01',65),(236,80,20,'2025-07-21',51),(237,47,20,'2025-07-26',63),(238,58,20,'2025-07-26',44),(239,95,20,'2025-07-22',52),(240,89,20,'2025-07-31',47),(241,7,20,'2025-07-19',82),(242,32,20,'2025-07-29',77),(243,91,20,'2025-07-27',72),(244,120,20,'2025-07-21',47),(245,39,20,'2025-07-26',94),(246,36,20,'2025-08-01',0),(247,4,20,'2025-07-22',59),(248,111,20,'2025-07-26',99),(249,70,20,'2025-07-28',62),(250,6,20,'2025-07-20',47),(251,13,21,'2025-07-16',77),(252,83,21,'2025-07-13',56),(253,3,21,'2025-07-09',82),(254,99,21,'2025-07-10',77),(255,78,21,'2025-07-21',48),(256,67,21,'2025-07-11',77),(257,117,21,'2025-07-20',70),(258,37,21,'2025-07-17',90),(259,51,21,'2025-07-16',100),(260,59,22,'2025-08-04',22),(261,41,22,'2025-08-02',30),(262,5,22,'2025-07-26',78),(263,24,22,'2025-08-05',61),(264,83,22,'2025-08-04',26),(265,25,22,'2025-08-06',0),(266,16,22,'2025-07-26',76),(267,15,22,'2025-08-05',69),(268,102,22,'2025-08-01',94),(269,66,22,'2025-07-31',56),(270,79,22,'2025-07-25',89),(271,120,22,'2025-07-31',79),(272,39,22,'2025-08-01',95),(273,23,22,'2025-07-25',79),(274,109,22,'2025-07-30',43),(275,72,22,'2025-07-26',41),(276,108,22,'2025-07-25',97),(277,74,22,'2025-07-31',76),(278,3,22,'2025-07-25',99),(279,54,23,'2025-07-23',75),(280,47,23,'2025-07-26',62),(281,79,23,'2025-07-21',56),(282,40,23,'2025-07-22',63),(283,64,23,'2025-07-23',37),(284,89,23,'2025-07-20',80),(285,111,23,'2025-07-22',45),(286,75,23,'2025-07-14',59),(287,15,23,'2025-07-21',45),(288,56,23,'2025-07-27',0),(289,65,23,'2025-07-17',97),(290,84,23,'2025-07-19',83),(291,26,23,'2025-07-27',0),(292,69,23,'2025-07-14',94),(293,20,23,'2025-07-22',55),(294,22,23,'2025-07-24',27),(295,49,23,'2025-07-20',91),(296,63,23,'2025-07-19',90),(297,62,23,'2025-07-15',98),(298,77,24,'2025-07-16',85),(299,70,24,'2025-07-19',91),(300,55,24,'2025-07-24',55),(301,65,24,'2025-07-27',0),(302,118,24,'2025-07-27',0),(303,113,24,'2025-07-25',79),(304,50,24,'2025-07-25',41),(305,42,24,'2025-07-27',0),(306,94,24,'2025-07-24',42),(307,92,24,'2025-07-19',48),(308,45,24,'2025-07-21',44),(309,104,25,'2025-07-27',64),(310,46,25,'2025-07-22',55),(311,8,25,'2025-07-28',25),(312,41,25,'2025-07-22',60),(313,38,25,'2025-07-22',98),(314,17,25,'2025-07-23',99),(315,115,25,'2025-07-23',81),(316,106,25,'2025-07-24',63),(317,56,25,'2025-07-23',64),(318,9,25,'2025-07-26',42),(319,60,25,'2025-07-16',82),(320,35,25,'2025-07-19',71),(321,91,25,'2025-07-29',0),(322,116,25,'2025-07-29',0),(323,15,26,'2025-08-08',84),(324,64,26,'2025-08-06',47),(325,86,26,'2025-08-03',62),(326,97,26,'2025-08-10',34),(327,109,26,'2025-07-31',51),(328,20,26,'2025-08-06',86),(329,103,26,'2025-07-31',92),(330,119,26,'2025-08-03',53),(331,5,26,'2025-08-09',79),(332,101,26,'2025-07-31',47),(333,77,26,'2025-08-12',49),(334,21,26,'2025-08-07',59),(335,32,26,'2025-08-11',20),(336,9,26,'2025-08-02',53),(337,107,26,'2025-07-31',67),(338,87,26,'2025-08-07',69),(339,111,27,'2025-07-21',47),(340,79,27,'2025-07-24',0),(341,62,27,'2025-07-20',46),(342,54,27,'2025-07-21',70),(343,84,27,'2025-07-11',69),(344,40,27,'2025-07-22',33),(345,49,27,'2025-07-19',66),(346,63,27,'2025-07-21',36),(347,64,27,'2025-07-13',54),(348,26,27,'2025-07-13',62),(349,20,27,'2025-07-23',42),(350,56,27,'2025-07-17',56),(351,15,27,'2025-07-22',44),(352,65,27,'2025-07-19',60),(353,69,27,'2025-07-17',67),(354,47,27,'2025-07-13',60),(355,89,27,'2025-07-14',100),(356,75,27,'2025-07-19',58),(357,22,27,'2025-07-14',46),(358,118,28,'2025-07-29',65),(359,120,28,'2025-07-30',51),(360,94,28,'2025-07-31',64),(361,50,28,'2025-07-26',66),(362,45,28,'2025-07-27',62),(363,113,28,'2025-07-22',64),(364,77,28,'2025-07-21',70),(365,65,28,'2025-07-28',89),(366,115,28,'2025-07-21',77),(367,92,28,'2025-07-24',62),(368,42,28,'2025-07-28',74),(369,70,28,'2025-07-20',64),(370,49,28,'2025-07-20',78),(371,55,28,'2025-07-25',54),(372,56,29,'2025-07-14',87),(373,13,29,'2025-07-22',57),(374,116,29,'2025-07-23',54),(375,99,29,'2025-07-15',84),(376,58,29,'2025-07-17',81),(377,50,29,'2025-07-19',53),(378,51,29,'2025-07-26',73),(379,103,29,'2025-07-17',100),(380,81,29,'2025-07-21',80),(381,108,29,'2025-07-21',60),(382,105,30,'2025-07-22',56),(383,83,30,'2025-07-27',45),(384,93,30,'2025-07-27',52),(385,11,30,'2025-07-27',93),(386,35,30,'2025-07-25',42),(387,14,30,'2025-07-23',53),(388,12,30,'2025-07-23',89),(389,86,30,'2025-07-31',30),(390,47,30,'2025-08-01',0),(391,114,30,'2025-07-27',49),(392,44,30,'2025-07-21',45),(393,40,30,'2025-07-30',59),(394,52,30,'2025-07-23',55),(395,18,30,'2025-08-01',0),(396,38,30,'2025-07-25',56),(400,102,3,'2025-08-23',0);
/*!40000 ALTER TABLE `submissions` ENABLE KEYS */;
UNLOCK TABLES;

--
-- Table structure for table `users`
--

DROP TABLE IF EXISTS `users`;
/*!40101 SET @saved_cs_client     = @@character_set_client */;
/*!50503 SET character_set_client = utf8mb4 */;
CREATE TABLE `users` (
  `user_id` int NOT NULL,
  `name` varchar(100) DEFAULT NULL,
  `email` varchar(100) DEFAULT NULL,
  `role` enum('student','professor') DEFAULT NULL,
  PRIMARY KEY (`user_id`)
) ENGINE=InnoDB DEFAULT CHARSET=utf8mb4 COLLATE=utf8mb4_0900_ai_ci;
/*!40101 SET character_set_client = @saved_cs_client */;

--
-- Dumping data for table `users`
--

LOCK TABLES `users` WRITE;
/*!40000 ALTER TABLE `users` DISABLE KEYS */;
INSERT INTO `users` VALUES (1,'William Bailey','fgarcia@example.com','student'),(2,'Rachel Cross','tamaramcclure@example.net','student'),(3,'Christopher Harris','hhenderson@example.org','student'),(4,'Brandon Kelley','ihernandez@example.org','student'),(5,'Lauren Pierce','mark07@example.com','student'),(6,'Lisa Hernandez','salinasxavier@example.org','student'),(7,'William Todd','schmidtkathryn@example.com','student'),(8,'Joseph Ryan','wendyvance@example.com','student'),(9,'John Brady','willierodriguez@example.net','student'),(10,'Alisha Jackson','lori27@example.org','student'),(11,'Rebecca Jimenez','michelle93@example.net','student'),(12,'Joseph Smith','chenkyle@example.com','student'),(13,'Shawn Lyons','dakota20@example.com','student'),(14,'Austin Morrison','jennifer99@example.org','student'),(15,'Sarah Wells','mariahharris@example.org','student'),(16,'Brian Luna','pmiller@example.net','student'),(17,'Robert Wilson','brittanywalker@example.org','student'),(18,'Christina Jacobs','amay@example.net','student'),(19,'Vanessa Marquez','haguirre@example.org','student'),(20,'Jennifer Smith','jefferysanchez@example.org','student'),(21,'Juan Hurst','nathan24@example.net','student'),(22,'Randy Gray','bcohen@example.net','student'),(23,'Erica Elliott','stran@example.com','student'),(24,'Kevin Mueller','lcamacho@example.net','student'),(25,'Michael Bruce','audrey96@example.org','student'),(26,'Paul Martinez','kimberlybailey@example.net','student'),(27,'Craig Castillo','evelyn52@example.org','student'),(28,'Brittany Rodriguez','cynthia04@example.net','student'),(29,'Yolanda Mccarty','khorton@example.org','student'),(30,'Erin Hudson','fowens@example.org','student'),(31,'Alicia Miller','laurengreen@example.com','student'),(32,'Theresa Perkins','amandale@example.com','student'),(33,'Brian Hughes','stricklandkimberly@example.org','student'),(34,'Alejandro Morales','josesmith@example.org','student'),(35,'Eric Herrera','bwalters@example.net','student'),(36,'Tonya Ruiz','cartertimothy@example.com','student'),(37,'Matthew Mack','elizabeth62@example.net','student'),(38,'Shannon Wu','zaustin@example.org','student'),(39,'Richard Chavez','lauriegilmore@example.net','student'),(40,'Tonya Thomas','blackwellsandra@example.org','student'),(41,'Robert Robinson DDS','melissa79@example.com','student'),(42,'Jose Lewis','jennifer46@example.com','student'),(43,'Hannah Rivera','garzashannon@example.com','student'),(44,'Mark Fletcher','ounderwood@example.com','student'),(45,'Judith Johnson','jonathan30@example.org','student'),(46,'Joseph Young','handrews@example.net','student'),(47,'Jasmine Johnson PhD','ejones@example.net','student'),(48,'Jeremy Perez','greenangela@example.org','student'),(49,'Michael Taylor PhD','ktaylor@example.com','student'),(50,'Suzanne Schroeder','doliver@example.net','student'),(51,'Brittany Calderon','amandaharvey@example.net','student'),(52,'Kim Payne','jessicaflores@example.net','student'),(53,'Suzanne Singh','kellymorgan@example.org','student'),(54,'Michael Burke','millercarol@example.com','student'),(55,'Wayne Miller','michaelbrady@example.com','student'),(56,'Dawn Bailey','stanleygerald@example.com','student'),(57,'Sheryl Morrison','tara67@example.org','student'),(58,'Erin Carpenter','marklittle@example.org','student'),(59,'Stephanie Reed','brookschristine@example.org','student'),(60,'Michael Hampton','ggarcia@example.com','student'),(61,'Barbara Hall','jessicagreen@example.com','student'),(62,'Daniel Powell','katherinemarquez@example.com','student'),(63,'Becky Smith','wcastillo@example.com','student'),(64,'John Mueller','allenjulie@example.org','student'),(65,'Christine Anderson DDS','ybryant@example.org','student'),(66,'Holly Wiggins','davisdeborah@example.net','student'),(67,'Danielle Avila','vanessa75@example.net','student'),(68,'Ashley Solis','jillian46@example.org','student'),(69,'Sandra Williams','mknox@example.org','student'),(70,'Sean Jones','troyhernandez@example.net','student'),(71,'Robert Walsh','raymond82@example.com','student'),(72,'Aaron King','jonescarl@example.org','student'),(73,'Penny Hampton','samuel29@example.net','student'),(74,'Robin Giles','yrichard@example.org','student'),(75,'Michael Reed','smithlarry@example.com','student'),(76,'Jason Potter','smithcharlene@example.org','student'),(77,'Kelly Kelly','upatel@example.com','student'),(78,'Thomas Johnson','michael44@example.org','student'),(79,'Adriana Henry','shawmarissa@example.net','student'),(80,'Erica Price','kellypaul@example.net','student'),(81,'Daniel Brown','tyler60@example.org','student'),(82,'Justin Thomas','davidjohnson@example.org','student'),(83,'Melissa Steele','perkinsheather@example.com','student'),(84,'Joshua Hale','lori60@example.net','student'),(85,'Mary Lee','beth88@example.org','student'),(86,'Richard Hall DVM','wileyshannon@example.net','student'),(87,'Megan Solis','mespinoza@example.org','student'),(88,'Alexa Brown','cvilla@example.org','student'),(89,'Dustin Baker','kevin83@example.org','student'),(90,'Kathryn Owens','brandon73@example.org','student'),(91,'Ashley Alexander','rodriguezjames@example.net','student'),(92,'Joshua Hammond','guzmandanielle@example.org','student'),(93,'Mrs. Kayla Pham','macdonaldshane@example.org','student'),(94,'Stephanie Lewis','willismichelle@example.org','student'),(95,'Marie Moore','christine60@example.com','student'),(96,'Jeremy Cannon','michael68@example.com','student'),(97,'Roberta Hernandez','seanjackson@example.org','student'),(98,'Misty Williams','kcase@example.com','student'),(99,'Thomas Gibson','timothy82@example.org','student'),(100,'Calvin Santana','shawnfernandez@example.com','student'),(101,'Belinda Carter','qkline@example.net','student'),(102,'Robert Navarro','grosssamantha@example.net','student'),(103,'Samantha Reyes','lchavez@example.net','student'),(104,'Kayla Hicks','matthew77@example.com','student'),(105,'Linda Petty','juananderson@example.net','student'),(106,'Patrick Franklin','amymarshall@example.net','student'),(107,'Isabella Lee','annette29@example.org','student'),(108,'Melissa Flynn','frederickcarson@example.com','student'),(109,'Tiffany Peters','rdecker@example.net','student'),(110,'Nicole Mora','adammcmahon@example.org','student'),(111,'Eric Daniel','cheryl40@example.org','student'),(112,'Michael Davis','richard54@example.net','student'),(113,'Katrina Walters','justinblankenship@example.com','student'),(114,'Jodi Patterson','caldwellrobert@example.org','student'),(115,'Craig Mccarty','donna66@example.com','student'),(116,'Paula Dawson','hooddoris@example.com','student'),(117,'Mitchell Fleming','valerie40@example.net','student'),(118,'Nathaniel Pena','christopher03@example.net','student'),(119,'Christopher Armstrong','matthewgillespie@example.net','student'),(120,'Jennifer Thomas','erindavis@example.com','student'),(121,'Michelle White','llopez@example.net','professor'),(122,'Tiffany Stein','jonescharlotte@example.org','professor'),(123,'Jason Christensen','stuartchristopher@example.org','professor'),(124,'Tanya Harrington','turnerelizabeth@example.com','professor'),(125,'Michael White','sparksjessica@example.org','professor'),(126,'Vanessa Robertson','hsanchez@example.com','professor'),(127,'Amanda Wheeler','davidjennings@example.com','professor'),(128,'Taylor Humphrey','aharvey@example.com','professor'),(129,'Michael Rodriguez','donnamiller@example.net','professor'),(130,'Elizabeth Fleming','jeremy64@example.net','professor'),(131,'Taylor Travis','davisjulia@example.com','professor'),(132,'Angela Cox','thomasarnold@example.org','professor');
/*!40000 ALTER TABLE `users` ENABLE KEYS */;
UNLOCK TABLES;
/*!40103 SET TIME_ZONE=@OLD_TIME_ZONE */;

/*!40101 SET SQL_MODE=@OLD_SQL_MODE */;
/*!40014 SET FOREIGN_KEY_CHECKS=@OLD_FOREIGN_KEY_CHECKS */;
/*!40014 SET UNIQUE_CHECKS=@OLD_UNIQUE_CHECKS */;
/*!40101 SET CHARACTER_SET_CLIENT=@OLD_CHARACTER_SET_CLIENT */;
/*!40101 SET CHARACTER_SET_RESULTS=@OLD_CHARACTER_SET_RESULTS */;
/*!40101 SET COLLATION_CONNECTION=@OLD_COLLATION_CONNECTION */;
/*!40111 SET SQL_NOTES=@OLD_SQL_NOTES */;

-- Dump completed on 2025-08-04 15:22:27
